ENTERPRISE_NAME,SHOP_ID,SHOP_NAME,STATE,COUNTRY,MONTH,WORKING_DAYS,YEAR,QUARTER,RO_COUNT,PAINT_LABOUR_HOURS,PAINT_MATERIAL_SALES,SUBLET_SALES,LABOUR_SALES,LABOUR_HOURS,BODY_LABOUR_HOURS,TOTAL_SALES,OTHER_SALES,ARRIVED_TO_DELIVERED_DAYS,ARRIVED_TO_STARTED_DAYS,COMPLETED_TO_DELIVERED_DAYS,STARTED_TO_COMPLETED_DAYS,DELIVERED_TO_CLOSED_DAYS,GROSS_PROFIT_AMOUNT,PARTS_SALES,RECYCLED_PARTS_AMOUNT,OEM_PARTS_AMOUNT,AM_PARTS_AMOUNT,NON_OEM_PARTS_AMOUNT,RECONDITIONED_PARTS_AMOUNT,OTHER_PARTS_AMOUNT,UNKNOWN_PARTS_AMOUNT,MECHANICAL_PARTS_AMOUNT,TOWING_AMOUNT,PAINT_LABOUR_AMOUNT,BODY_LABOUR_AMOUNT,FRAME_LABOUR_AMOUNT,OTHER_LABOUR_AMOUNT,LABOUR_COST,PAINT_LABOUR_COST,BODY_LABOUR_COST,FRAME_LABOUR_COST,MECHANICAL_LABOUR_COST,OTHER_LABOUR_COST,PARTS_COST,RECYCLED_PARTS_COST,OEM_PARTS_COST,AM_PARTS_COST,NON_OEM_PARTS_COST,RECONDITIONED_PARTS_COST,OTHER_PARTS_COST,MECHANICAL_PARTS_COST,FRAME_LABOUR_HOURS,MECHANICAL_LABOUR_HOURS,OTHER_LABOUR_HOURS,MATERIALS_COST,SUBLET_COST,RENTAL_COST,HAZARDOUS_WASTE_COST,DISCOUNT_AMOUNT,DISCOUNT_PERCENT,IS_COLLISION_RO,PAINT_BOOTHS,DOOR_RATE,LIQUID_COST,TOTAL_LIQUID_OZ,PAINT_AP_COST,BODY_AP_SHOP_COST,SHOP_SUPPLIES_SHOP_COST,UNDERCOAT_LIQUID_COST,TOTAL_LIQUID_OZ_UNDERCOAT,CLEAR_LIQUID_COST,TOTAL_LIQUID_OZ_CLEAR,COLOR_LIQUID_COST,TOTAL_LIQUID_OZ_COLOR,'AP Costs / Refinish Hour','Body Hours / RO','Body Material Cost / Body Hour','Capture Rate','Collision RO','Cycle Time K2K','Cycle Time S2C','Labor Hours / RO','OZ Clear / Hour','OZ Color / Hour','OZ Undercoat / Hour','P&M % of Total Sales','P&M Cost / RO','P&M Cost Paint / Hour','P&M Door Rate','P&M Gross Profit $','P&M Gross Profit %','P&M Sales / Hour','P&M Sales / RO','Paint Hours / RO','Paint only Cost / Refinishing Hour','Parts/Labor Ratio','Severity / RO','Total Sales','Touch Time K2K','Touch Time S2C','Vehicles / Day',DATE_FULL
Mock MSO,mockshop-3333-492e-90d9-5f6993c406a8,Mock Shop 3,Nebraska,United States,June,21,2023,Q2,113,1071.8999998570,58026.0999000000,69743.3899000000,225994.8997000000,3406.6999931257,2157.5999935871,583646.4064000000,18566.0961000000,1406,,209,,113,609547.5286000000,222372.4608000000,10219.9100000000,194022.0908000000,17675.1300000000,28350.3700000000,455.3300000000,0.0000000000,,,365.5100000000,69868.6000000000,140784.1997000000,4725.0000000000,477.0000000000,2367.4900000000,0.0000000000,2367.4900000000,0.0000000000,0.0000000000,0.0000000000,152254.7495000000,7942.5900000000,131131.4795000000,12839.1800000000,21123.2700000000,341.5000000000,0.0000000000,,61.0000000000,107.1999996826,9.0000000000,42022.5974000000,50145.9801000000,,0.0000000000,,,TRUE,1,40.0000000000,17075.9400000000,8960.0000000000,5157.7300000000,2495.9100000000,393.3800000000,1939.7900000000,896.0000000000,4683.4800000000,2624.0000000000,6254.3700000000,1632.0000000000,5.00000,18.00000,2.50000,0.00000,105.00000,12.50000,9.00000,26.00000,2.30000,2.50000,0.75000,10.00000,30.00000,21.00000,52.00000,30000.00000,60.00000,53.00000,30.00000,8.25000,19.00000,110.00000,5000.00000,525000.00000,2.20000,27.00000,5.00000,2023-06-01
Mock MSO,mockshop-2222-4b00-81bb-08ac3848e79e,Mock Shop 2,Kansas,United States,November,21,2024,Q4,117,1119.8000002503,55861.9300000000,135372.6395000000,272055.5001000000,3839.1000135242,2542.8000144818,801571.7707000000,2556.4915000000,1832,,240,,117,875664.2833000000,339739.1096000000,10755.0000000000,313583.9096000000,11499.1600000000,26155.2000000000,235.0000000000,3666.0400000000,,,3573.0000000000,77149.0000000000,176506.8001000000,2035.0000000000,0.0000000000,7760.4500000000,0.0000000000,7760.4500000000,0.0000000000,0.0000000000,0.0000000000,232249.3103000000,8302.0000000000,212821.1003000000,8338.9300000000,19428.2100000000,176.2500000000,2611.0300000000,,25.0000000000,151.4999987931,0.0000000000,40107.2945000000,110317.5798000000,,0.0000000000,,,TRUE,1,38.0000000000,10029.0200000000,10307.8400000000,8382.7200000000,4193.7800000000,1628.0600000000,795.6900000000,768.0000000000,2576.9800000000,2848.0000000000,4240.8900000000,1955.8400000000,4.50000,20.50000,2.50000,-4500.00000,150.00000,15.00000,9.00000,33.00000,2.30000,2.50000,0.75000,9.00000,30.00000,21.00000,52.00000,40000.00000,60.00000,48.00000,30.00000,9.00000,19.00000,110.00000,5000.00000,950000.00000,2.20000,10.00000,6.50000,2024-11-01
Mock MSO,mockshop-1111-4a19-b398-aa425e30caed,Mock Shop 1,Nebraska,United States,May,22,2023,Q2,212,1907.7000030583,99710.6700000000,153022.0703000000,407602.2008000000,6060.6000078173,3792.5000051857,1124395.7968000000,41363.2352000000,2372,,448,,212,1172076.7370000000,451648.6806000000,19334.5700000000,405188.5205000000,26844.5901000000,46460.1601000000,181.0000000000,100.0000000000,,,1150.2500000000,125532.4000000000,249398.3008000000,5685.5000000000,1295.0000000000,4727.9701000000,0.0000000000,4727.9701000000,0.0000000000,0.0000000000,0.0000000000,319791.9711000000,16016.7900000000,284018.6611000000,19515.6300000000,35773.3100000000,140.8900000000,100.0000000000,,71.5000000000,275.8999995740,13.0000000000,71196.6970000000,115742.2098000000,,0.0000000000,,,TRUE,2,40.0000000000,31583.1600000000,16960.0000000000,9320.4600000000,3579.6100000000,1019.0600000000,3035.0500000000,1408.0000000000,8026.9900000000,4512.0000000000,12871.4800000000,3040.0000000000,4.00000,15.00000,2.50000,0.00000,210.00000,15.00000,9.00000,29.50000,2.30000,2.50000,0.75000,9.00000,30.00000,21.00000,52.00000,60000.00000,60.00000,52.00000,30.00000,9.00000,19.00000,110.00000,5000.00000,1000000.00000,2.20000,10.00000,10.00000,2023-05-01
Mock MSO,mockshop-2222-4b00-81bb-08ac3848e79e,Mock Shop 2,Kansas,United States,May,22,2024,Q2,135,1451.6000015738,72304.9000000000,170247.1805000000,338936.9001000000,4927.5999923652,3288.7999908924,1006685.4139000000,11780.2342000000,1982,,295,,135,1099864.9170000000,416477.9991000000,17896.0200000000,352811.8489000000,38606.5402000000,63666.1502000000,5893.0000000000,1270.5900000000,,,2454.0000000000,97692.4000000000,221742.0001000000,2114.0000000000,57.5000000000,10719.5500000000,0.0000000000,10719.5500000000,0.0000000000,0.0000000000,0.0000000000,294050.2498000000,13733.4600000000,248019.2597000000,27175.1601000000,46030.9901000000,4161.0900000000,961.2800000000,,26.0000000000,160.6999998985,0.5000000000,50355.2270000000,139421.9400000000,,0.0000000000,,,TRUE,1,38.0000000000,21187.0000000000,11555.8400000000,9755.2300000000,3743.9700000000,3526.7500000000,1905.8600000000,896.0000000000,6719.3900000000,3744.0000000000,7655.4100000000,1795.8400000000,4.50000,20.50000,2.50000,-4500.00000,150.00000,15.00000,9.00000,33.00000,2.30000,2.50000,0.75000,9.00000,30.00000,21.00000,52.00000,40000.00000,60.00000,48.00000,30.00000,9.00000,19.00000,110.00000,5000.00000,950000.00000,2.20000,10.00000,6.50000,2024-05-01
Mock MSO,mockshop-1111-4a19-b398-aa425e30caed,Mock Shop 1,Nebraska,United States,January,22,2024,Q1,184,1714.4000014664,93326.6800000000,127566.4504000000,368007.4003000000,5400.8000014351,3457.6999995855,1082871.8386000000,32770.6382000000,3105,,489,,184,1130943.2572000000,478913.1897000000,25624.3599000000,422650.5398000000,28625.8700000000,56262.6499000000,2012.4200000000,0.0000000000,,,2077.5900000000,115051.3000000000,231896.9003000000,4496.0000000000,200.0000000000,3452.4200000000,0.0000000000,3452.4200000000,0.0000000000,0.0000000000,0.0000000000,337544.1295000000,20142.1500000000,294401.2495000000,21415.8800000000,43142.8800000000,1584.8500000000,0.0000000000,,56.0000000000,170.7000003828,2.0000000000,68162.7310000000,96362.2500000000,,0.0000000000,,,TRUE,2,40.0000000000,25125.7600000000,14019.8400000000,7208.3300000000,3400.7800000000,707.1000000000,2781.8400000000,1280.0000000000,6207.7100000000,3488.0000000000,9906.2900000000,2595.8400000000,4.00000,15.00000,2.50000,0.00000,210.00000,15.00000,9.00000,29.50000,2.30000,2.50000,0.75000,9.00000,30.00000,21.00000,52.00000,60000.00000,60.00000,52.00000,30.00000,9.00000,19.00000,110.00000,5000.00000,1000000.00000,2.20000,10.00000,10.00000,2024-01-01
Mock MSO,mockshop-1111-4a19-b398-aa425e30caed,Mock Shop 1,Nebraska,United States,August,22,2024,Q3,160,1478.8999982776,68253.8200000000,189890.1188000000,343504.7998000000,4979.1999954356,3325.3999970553,994814.3391000000,2123.2197000000,3086,,426,,160,1032751.2276000000,392296.3508000000,10561.6300000000,314490.0406000000,38642.5703000000,77806.3102000000,3220.1699000000,25381.9400000000,,,1364.2500000000,100868.1000000000,226172.8998000000,4026.5000000000,0.0000000000,9592.9400000000,0.0000000000,9592.9400000000,0.0000000000,0.0000000000,0.0000000000,260759.5484000000,8348.9500000000,216973.7485000000,29032.2499000000,43785.7999000000,2300.5500000000,4104.0500000000,,49.5000000000,125.4000001026,0.0000000000,44853.8285000000,149767.3592000000,,0.0000000000,,,TRUE,2,40.0000000000,26388.8500000000,13575.6800000000,8319.5800000000,4623.9200000000,557.8700000000,2203.8100000000,1024.0000000000,6866.3500000000,3840.0000000000,11180.9500000000,2663.6800000000,4.00000,15.00000,2.50000,0.00000,210.00000,15.00000,9.00000,29.50000,2.30000,2.50000,0.75000,9.00000,30.00000,21.00000,52.00000,60000.00000,60.00000,52.00000,30.00000,9.00000,19.00000,110.00000,5000.00000,1000000.00000,2.20000,10.00000,10.00000,2024-08-01
Mock MSO,mockshop-1111-4a19-b398-aa425e30caed,Mock Shop 1,Nebraska,United States,March,22,2023,Q1,220,2108.3999933300,109314.7100000000,142888.2592000000,441119.0999000000,6647.3999963931,4223.0000041499,1233329.8697000000,25509.4318000000,2649,,414,,220,1287199.7172000000,526364.5988000000,18265.6500000000,482615.2288000000,23711.0500000000,43749.3700000000,1772.6700000000,0.0000000000,,,924.4800000000,137433.8000000000,275486.4999000000,5011.0000000000,1145.0000000000,4623.4000000000,0.0000000000,4623.4000000000,0.0000000000,0.0000000000,0.0000000000,373102.4400000000,14356.8500000000,340234.4299000000,17356.8001000000,32868.0101000000,1154.3600000000,0.0000000000,,65.0000000000,236.9999989123,14.0000000000,78207.1030000000,103802.7801000000,,0.0000000000,,,TRUE,2,40.0000000000,32709.7000000000,17378.5600000000,9411.0100000000,4142.1700000000,2610.0500000000,3035.0500000000,1408.0000000000,8936.6300000000,5024.0000000000,13367.6900000000,3394.5600000000,4.00000,15.00000,2.50000,0.00000,210.00000,15.00000,9.00000,29.50000,2.30000,2.50000,0.75000,9.00000,30.00000,21.00000,52.00000,60000.00000,60.00000,52.00000,30.00000,9.00000,19.00000,110.00000,5000.00000,1000000.00000,2.20000,10.00000,10.00000,2023-03-01
Mock MSO,mockshop-3333-492e-90d9-5f6993c406a8,Mock Shop 3,Nebraska,United States,June,20,2024,Q2,97,797.2000017765,42792.8000000000,78793.7399000000,167161.4998000000,2467.6999953538,1563.5999940633,498066.5242000000,5086.5660000000,1153,,209,,97,520528.5627000000,204053.3585000000,3834.1000000000,185879.6785000000,13588.9400000000,18173.6800000000,351.6700000000,398.9700000000,,,1416.5500000000,53131.6000000000,103838.1998000000,680.0000000000,300.0000000000,4357.3200000000,0.0000000000,4357.3200000000,0.0000000000,0.0000000000,0.0000000000,137545.2797000000,3047.0000000000,124566.2697000000,9324.8300000000,12979.0100000000,291.0000000000,316.1800000000,,9.0000000000,94.8999995140,3.0000000000,30494.4250000000,59628.2896000000,,0.0000000000,,,TRUE,1,40.0000000000,13575.6100000000,7105.2800000000,4798.1600000000,3018.3100000000,505.3700000000,1949.8700000000,896.0000000000,2964.9100000000,1664.0000000000,5636.3000000000,1313.2800000000,5.00000,18.00000,2.50000,0.00000,105.00000,12.50000,9.00000,26.00000,2.30000,2.50000,0.75000,10.00000,30.00000,21.00000,52.00000,30000.00000,60.00000,53.00000,30.00000,8.25000,19.00000,110.00000,5000.00000,525000.00000,2.20000,27.00000,5.00000,2024-06-01
Mock MSO,mockshop-3333-492e-90d9-5f6993c406a8,Mock Shop 3,Nebraska,United States,July,22,2024,Q3,108,1146.2000000475,53910.3900000000,113212.7689000000,244188.8907000000,3585.6000037195,2337.5000038749,665073.0430000000,2750.1737000000,1817,,230,,108,692201.3227000000,250787.3197000000,5191.2500000000,195924.6597000000,24469.9800000000,54862.6600000000,1203.6000000000,23997.8300000000,,,784.2500000000,77259.6000000000,157109.0907000000,738.0000000000,0.0000000000,7606.7200000000,0.0000000000,7606.7200000000,0.0000000000,0.0000000000,0.0000000000,161732.6705000000,4120.5700000000,130887.4605000000,16928.7200000000,30845.2100000000,1040.0500000000,8755.8700000000,,9.0000000000,92.8999997969,0.0000000000,36341.7015000000,83271.2794000000,,0.0000000000,,,TRUE,1,40.0000000000,17462.3500000000,9312.0000000000,5571.2500000000,4169.2600000000,621.7600000000,2159.8000000000,1024.0000000000,4401.5100000000,2464.0000000000,6598.8000000000,1760.0000000000,5.00000,18.00000,2.50000,0.00000,105.00000,12.50000,9.00000,26.00000,2.30000,2.50000,0.75000,10.00000,30.00000,21.00000,52.00000,30000.00000,60.00000,53.00000,30.00000,8.25000,19.00000,110.00000,5000.00000,525000.00000,2.20000,27.00000,5.00000,2024-07-01
Mock MSO,mockshop-2222-4b00-81bb-08ac3848e79e,Mock Shop 2,Kansas,United States,June,20,2024,Q2,159,1420.8999952676,71297.8000000000,133313.1599000000,320858.0999000000,4638.2999930827,3005.5999967458,887465.8597000000,15796.9594000000,2170,,423,,159,966078.2004000000,351155.0305000000,17461.5000000000,287463.5606000000,42867.3899000000,63691.4699000000,1819.7500000000,1542.8300000000,,,5903.0000000000,95681.0000000000,202387.3999000000,1070.0000000000,300.0000000000,9524.1500000000,0.0000000000,9524.1500000000,0.0000000000,0.0000000000,0.0000000000,248459.4899000000,14104.1900000000,200918.6898000000,30813.4601000000,47540.8001000000,1382.3900000000,1240.7600000000,,13.0000000000,195.8000010696,3.0000000000,49566.7965000000,105684.7802000000,,0.0000000000,,,TRUE,1,38.0000000000,25831.5600000000,13406.7200000000,8825.4500000000,4640.4900000000,1306.5100000000,2457.7500000000,1152.0000000000,6385.9600000000,3584.0000000000,10567.6700000000,2526.7200000000,4.50000,20.50000,2.50000,-4500.00000,150.00000,15.00000,9.00000,33.00000,2.30000,2.50000,0.75000,9.00000,30.00000,21.00000,52.00000,40000.00000,60.00000,48.00000,30.00000,9.00000,19.00000,110.00000,5000.00000,950000.00000,2.20000,10.00000,6.50000,2024-06-01
Mock MSO,mockshop-1111-4a19-b398-aa425e30caed,Mock Shop 1,Nebraska,United States,November,21,2023,Q4,179,1569.2000039822,84973.1901000000,140156.8303000000,366554.4996000000,5290.4999963934,3466.0999922898,1062529.4519000000,28099.1427000000,2644,,426,,179,1107457.2701000000,456118.7492000000,19201.4500000000,397417.1595000000,39030.3897000000,58701.5897000000,339.7500000000,130.0000000000,,,2495.0600000000,106652.2000000000,235125.1996000000,5814.0000000000,4110.0000000000,5563.8200000000,0.0000000000,5563.8200000000,0.0000000000,0.0000000000,0.0000000000,326955.0991000000,14579.5100000000,283070.3292000000,28791.3099000000,43884.7699000000,425.9500000000,88.0000000000,,71.0000000000,147.0999997405,37.1000003814,62657.2376000000,105187.8603000000,,0.0000000000,,,TRUE,2,40.0000000000,23729.8200000000,13504.0000000000,8389.1600000000,4167.1100000000,874.7200000000,2193.0000000000,1024.0000000000,6390.4700000000,3584.0000000000,9023.7900000000,2368.0000000000,4.00000,15.00000,2.50000,0.00000,210.00000,15.00000,9.00000,29.50000,2.30000,2.50000,0.75000,9.00000,30.00000,21.00000,52.00000,60000.00000,60.00000,52.00000,30.00000,9.00000,19.00000,110.00000,5000.00000,1000000.00000,2.20000,10.00000,10.00000,2023-11-01
Mock MSO,mockshop-2222-4b00-81bb-08ac3848e79e,Mock Shop 2,Kansas,United States,September,21,2023,Q3,138,1316.9000020402,63183.6000000000,104240.6200000000,323940.0099000000,4660.6000169141,2953.9000138943,836321.7944000000,15705.0349000000,1886,,320,,138,913663.7402000000,332672.3296000000,16380.1000000000,271085.9396000000,42414.2300000000,61586.3900000000,1892.0000000000,900.0600000000,,,4215.1800000000,87117.9000000000,196742.6099000000,4390.0000000000,4660.0000000000,3280.0000000000,0.0000000000,3280.0000000000,0.0000000000,0.0000000000,0.0000000000,229070.8385000000,12728.5200000000,185096.9389000000,29252.1096000000,43973.8996000000,1419.0000000000,574.2700000000,,55.0000000000,288.2000015526,46.5999994278,45995.7875000000,82238.7500000000,,0.0000000000,,,TRUE,1,38.0000000000,20719.0700000000,10947.8400000000,7717.8400000000,3612.6900000000,1044.8800000000,1897.3400000000,896.0000000000,5788.6900000000,3232.0000000000,8300.2300000000,1955.8400000000,4.50000,20.50000,2.50000,-4500.00000,150.00000,15.00000,9.00000,33.00000,2.30000,2.50000,0.75000,9.00000,30.00000,21.00000,52.00000,40000.00000,60.00000,48.00000,30.00000,9.00000,19.00000,110.00000,5000.00000,950000.00000,2.20000,10.00000,6.50000,2023-09-01
Mock MSO,mockshop-1111-4a19-b398-aa425e30caed,Mock Shop 1,Nebraska,United States,April,21,2024,Q2,134,1410.7000066636,77369.4900000000,96497.8096000000,303624.6296000000,4401.2999965101,2767.3999893073,834851.6140000000,46677.0747000000,1790,,325,,134,870279.5391000000,345934.7901000000,13192.9000000000,303259.2302000000,27150.0799000000,42675.5599000000,2282.5800000000,50.0000000000,,,1860.4000000000,95343.9001000000,187542.9295000000,4471.0000000000,2025.0000000000,3460.0000000000,0.0000000000,3460.0000000000,0.0000000000,0.0000000000,0.0000000000,244589.1014000000,10208.9700000000,213111.6715000000,19424.4599000000,31477.4299000000,1816.0000000000,28.0000000000,,56.0000000000,144.7000005393,22.5000000000,55565.7830000000,77476.9395000000,,0.0000000000,,,TRUE,2,40.0000000000,22529.9000000000,11586.5600000000,7440.4500000000,3482.6200000000,1127.9900000000,1736.1900000000,768.0000000000,5541.8600000000,3104.0000000000,9769.2400000000,2402.5600000000,4.00000,15.00000,2.50000,0.00000,210.00000,15.00000,9.00000,29.50000,2.30000,2.50000,0.75000,9.00000,30.00000,21.00000,52.00000,60000.00000,60.00000,52.00000,30.00000,9.00000,19.00000,110.00000,5000.00000,1000000.00000,2.20000,10.00000,10.00000,2024-04-01
Mock MSO,mockshop-2222-4b00-81bb-08ac3848e79e,Mock Shop 2,Kansas,United States,July,20,2023,Q3,143,1501.4999995827,74469.2500000000,122899.8603000000,364725.6798000000,5135.1999981032,3174.7999988568,907503.8954000000,16332.0253000000,2235,,382,,143,985622.7757000000,328729.2800000000,12960.3300000000,271577.5901000000,40799.5199000000,57151.6899000000,3391.8400000000,0.0000000000,,,7048.5500000000,101095.2000000000,215793.9798000000,5772.0000000000,15515.0000000000,3966.1300000000,0.0000000000,3766.1300000000,0.0000000000,0.0000000000,200.0000000000,231534.0997000000,10167.6300000000,190674.5798000000,28140.8899000000,40859.5199000000,2551.0000000000,0.0000000000,,72.0000000000,246.3999996631,140.5000000000,52885.1570000000,96186.4898000000,,0.0000000000,,,TRUE,1,38.0000000000,22520.5200000000,12163.8400000000,8008.0000000000,4022.2700000000,1896.9800000000,2403.7600000000,1152.0000000000,6140.0700000000,3456.0000000000,8179.4600000000,2051.8400000000,4.50000,20.50000,2.50000,-4500.00000,150.00000,15.00000,9.00000,33.00000,2.30000,2.50000,0.75000,9.00000,30.00000,21.00000,52.00000,40000.00000,60.00000,48.00000,30.00000,9.00000,19.00000,110.00000,5000.00000,950000.00000,2.20000,10.00000,6.50000,2023-07-01
Mock MSO,mockshop-1111-4a19-b398-aa425e30caed,Mock Shop 1,Nebraska,United States,July,22,2024,Q3,179,1798.9999989276,83627.0303000000,215409.7688000000,393924.9004000000,5725.8999997978,3717.0000005662,1159124.2684000000,13033.5800000000,3319,,545,,179,1202984.9569000000,464134.4690000000,10513.4400000000,373720.2293000000,51749.9697000000,90414.2397000000,2369.6800000000,25781.1500000000,,,711.5500000000,122056.1000000000,251932.4004000000,3144.0000000000,1200.0000000000,11654.1400000000,0.0000000000,11654.1400000000,0.0000000000,0.0000000000,0.0000000000,307201.6303000000,7832.4000000000,257905.8505000000,35468.2298000000,49295.7798000000,1782.7500000000,4212.4000000000,,39.0000000000,158.9000003036,12.0000000000,56116.8078000000,170025.9789000000,,0.0000000000,,,TRUE,2,40.0000000000,26830.3100000000,14240.0000000000,7952.3800000000,4929.4300000000,1218.2200000000,2711.6900000000,1280.0000000000,7046.6400000000,3936.0000000000,11163.4600000000,2752.0000000000,4.00000,15.00000,2.50000,0.00000,210.00000,15.00000,9.00000,29.50000,2.30000,2.50000,0.75000,9.00000,30.00000,21.00000,52.00000,60000.00000,60.00000,52.00000,30.00000,9.00000,19.00000,110.00000,5000.00000,1000000.00000,2.20000,10.00000,10.00000,2024-07-01
Mock MSO,mockshop-2222-4b00-81bb-08ac3848e79e,Mock Shop 2,Kansas,United States,January,22,2024,Q1,163,1528.2000032662,77208.7699000000,125823.8000000000,349692.0003000000,5048.1000049566,3168.6000016924,1042509.7292000000,23416.9793000000,2295,,383,,163,1137144.1227000000,472427.6297000000,16146.2500000000,413513.2897000000,37083.0900000000,58914.3400000000,5660.0000000000,25.0000000000,,,6194.8500000000,101659.9000000000,211195.6003000000,4416.0000000000,2500.0000000000,2400.0000000000,0.0000000000,2400.0000000000,0.0000000000,0.0000000000,0.0000000000,336391.8286000000,13013.6200000000,292051.7086000000,26855.4300000000,44340.1200000000,4446.0700000000,25.0000000000,,52.0000000000,274.2999999966,25.0000000000,56427.2409000000,101579.1900000000,,0.0000000000,,,TRUE,1,38.0000000000,19014.0400000000,10400.0000000000,7876.5700000000,4194.0300000000,1092.6500000000,1742.9400000000,800.0000000000,5230.4300000000,2944.0000000000,6467.1500000000,1664.0000000000,4.50000,20.50000,2.50000,-4500.00000,150.00000,15.00000,9.00000,33.00000,2.30000,2.50000,0.75000,9.00000,30.00000,21.00000,52.00000,40000.00000,60.00000,48.00000,30.00000,9.00000,19.00000,110.00000,5000.00000,950000.00000,2.20000,10.00000,6.50000,2024-01-01
Mock MSO,mockshop-3333-492e-90d9-5f6993c406a8,Mock Shop 3,Nebraska,United States,January,22,2024,Q1,106,1174.1000044349,61968.8399000000,71530.2602000000,246570.0001000000,3575.8000102042,2194.3000051975,715587.6479000000,17363.9869000000,1737,,239,,106,750590.3666000000,328991.6708000000,8506.8300000000,285786.3210000000,30723.2498000000,43205.3498000000,2445.2700000000,1530.0000000000,,,1229.2000000000,79182.9001000000,147644.3000000000,5211.5000000000,600.0000000000,1625.6800000000,0.0000000000,1625.6800000000,0.0000000000,0.0000000000,0.0000000000,221685.7490000000,5835.5100000000,191478.2990000000,21335.0600000000,30207.4500000000,1820.8800000000,1216.0000000000,,63.5000000000,137.9000005715,6.0000000000,43225.0194000000,54272.0001000000,,37.0500000000,,,TRUE,1,40.0000000000,18058.9400000000,8803.8400000000,4395.2500000000,2036.6700000000,449.8100000000,1897.3400000000,896.0000000000,3865.9700000000,2176.0000000000,8274.7300000000,2083.8400000000,5.00000,18.00000,2.50000,0.00000,105.00000,12.50000,9.00000,26.00000,2.30000,2.50000,0.75000,10.00000,30.00000,21.00000,52.00000,30000.00000,60.00000,53.00000,30.00000,8.25000,19.00000,110.00000,5000.00000,525000.00000,2.20000,27.00000,5.00000,2024-01-01
Mock MSO,mockshop-3333-492e-90d9-5f6993c406a8,Mock Shop 3,Nebraska,United States,January,21,2023,Q1,107,1042.2999961380,55146.4101000000,64033.8503000000,220729.5005000000,3333.9000045437,2063.0000078681,636914.6803000000,16167.9109000000,1435,,224,,107,668146.9413000000,287535.2986000000,4232.5200000000,249628.6488000000,31768.4198000000,37906.6498000000,1559.4000000000,346.3100000000,,,851.9700000000,67248.8001000000,133281.9004000000,4445.0000000000,984.0000000000,1840.0000000000,0.0000000000,1840.0000000000,0.0000000000,0.0000000000,0.0000000000,201021.0685000000,4715.6700000000,172086.0386000000,22761.5499000000,28935.0299000000,1180.7600000000,277.0500000000,,58.0000000000,160.6000005381,10.0000000000,41000.3036000000,44399.3400000000,,0.0000000000,,,TRUE,1,40.0000000000,13215.3600000000,7520.0000000000,3908.5600000000,1761.3100000000,549.2400000000,1561.6200000000,768.0000000000,3137.6000000000,1856.0000000000,5582.5000000000,1632.0000000000,5.00000,18.00000,2.50000,0.00000,105.00000,12.50000,9.00000,26.00000,2.30000,2.50000,0.75000,10.00000,30.00000,21.00000,52.00000,30000.00000,60.00000,53.00000,30.00000,8.25000,19.00000,110.00000,5000.00000,525000.00000,2.20000,27.00000,5.00000,2023-01-01
Mock MSO,mockshop-3333-492e-90d9-5f6993c406a8,Mock Shop 3,Nebraska,United States,August,22,2024,Q3,90,997.1999971867,43384.8500000000,88669.0495000000,214821.7000000000,3109.5000020711,2032.6000053885,606548.4211000000,1398.1711000000,1418,,177,,90,632213.4011000000,260087.1505000000,10714.5000000000,192540.9307000000,27965.8798000000,67546.2198000000,1608.0000000000,27257.8400000000,,,499.8500000000,68103.5999000000,138825.3001000000,905.0000000000,0.0000000000,5961.9200000000,0.0000000000,5961.9200000000,0.0000000000,0.0000000000,0.0000000000,167674.9190000000,8258.4800000000,129556.1689000000,19248.6901000000,38118.7501000000,1228.6600000000,9382.9200000000,,10.0000000000,69.6999994960,0.0000000000,28409.7515000000,66632.7897000000,,0.0000000000,,,TRUE,1,40.0000000000,13483.9600000000,7520.0000000000,5274.3000000000,3395.8200000000,558.8000000000,1949.8700000000,896.0000000000,3901.4400000000,2176.0000000000,4074.7300000000,928.0000000000,5.00000,18.00000,2.50000,0.00000,105.00000,12.50000,9.00000,26.00000,2.30000,2.50000,0.75000,10.00000,30.00000,21.00000,52.00000,30000.00000,60.00000,53.00000,30.00000,8.25000,19.00000,110.00000,5000.00000,525000.00000,2.20000,27.00000,5.00000,2024-08-01
Mock MSO,mockshop-1111-4a19-b398-aa425e30caed,Mock Shop 1,Nebraska,United States,February,20,2024,Q1,170,1537.9000086192,84209.9400000000,122287.8099000000,358548.6999000000,5151.9000054525,3393.7999970694,1064282.9049000000,32206.8044000000,2526,,325,,170,1109597.6890000000,483461.1407000000,17423.5000000000,428764.8104000000,33162.1502000000,54696.3303000000,3940.6801000000,170.0000000000,,,3573.1900000000,104914.4500000000,233259.0499000000,5514.5000000000,400.0000000000,3466.5600000000,0.0000000000,3466.5600000000,0.0000000000,0.0000000000,0.0000000000,341410.3105000000,13781.0000000000,299417.5003000000,25166.5002000000,41992.8102000000,2929.3100000000,116.0000000000,,67.5000000000,148.6999997641,4.0000000000,62193.9695000000,94554.1502000000,,0.0000000000,,,TRUE,2,40.0000000000,24405.8700000000,13088.0000000000,7525.2800000000,3521.4900000000,845.3300000000,2711.6900000000,1280.0000000000,6226.0700000000,3488.0000000000,9485.6100000000,2400.0000000000,4.00000,15.00000,2.50000,0.00000,210.00000,15.00000,9.00000,29.50000,2.30000,2.50000,0.75000,9.00000,30.00000,21.00000,52.00000,60000.00000,60.00000,52.00000,30.00000,9.00000,19.00000,110.00000,5000.00000,1000000.00000,2.20000,10.00000,10.00000,2024-02-01
Mock MSO,mockshop-3333-492e-90d9-5f6993c406a8,Mock Shop 3,Nebraska,United States,November,21,2023,Q4,100,853.8999996188,46318.7500000000,51282.0397000000,186941.5997000000,2730.7999961900,1729.3999967347,511605.9896000000,27090.4212000000,1457,,194,,100,534582.5096000000,221301.9790000000,5441.2500000000,193310.1689000000,20330.4201000000,27991.8101000000,2220.1400000000,0.0000000000,,,1310.5500000000,57114.7000000000,116032.7997000000,3671.0000000000,3126.0000000000,1672.7700000000,0.0000000000,1672.7700000000,0.0000000000,0.0000000000,0.0000000000,152340.1399000000,4344.0700000000,130672.1700000000,15605.8999000000,21667.9699000000,1718.0000000000,0.0000000000,,46.0000000000,72.4999998358,29.0000000000,32486.3630000000,37583.4299000000,,0.0000000000,,,TRUE,1,40.0000000000,15322.0600000000,8065.2800000000,5218.8700000000,2776.1200000000,403.1000000000,1644.1300000000,768.0000000000,4093.3800000000,2304.0000000000,6128.2600000000,1505.2800000000,5.00000,18.00000,2.50000,0.00000,105.00000,12.50000,9.00000,26.00000,2.30000,2.50000,0.75000,10.00000,30.00000,21.00000,52.00000,30000.00000,60.00000,53.00000,30.00000,8.25000,19.00000,110.00000,5000.00000,525000.00000,2.20000,27.00000,5.00000,2023-11-01
Mock MSO,mockshop-2222-4b00-81bb-08ac3848e79e,Mock Shop 2,Kansas,United States,August,22,2023,Q3,169,1735.8999938366,84810.2298000000,137017.3599000000,416725.2001000000,5916.7999815800,3725.5999879845,1109667.7525000000,19001.3827000000,2376,,419,,169,1207611.9519000000,453215.5000000000,20190.1000000000,366437.3600000000,65105.8600000000,86778.1400000000,1482.1800000000,0.0000000000,,,7857.4000000000,117433.4000000000,252248.3001000000,5099.5000000000,3470.0000000000,5071.7000000000,0.0000000000,5071.7000000000,0.0000000000,0.0000000000,0.0000000000,318882.0997000000,16477.5900000000,256889.2997000000,44420.2000000000,61992.8000000000,1095.0100000000,0.0000000000,,63.5000000000,354.7999997589,37.0000000000,60607.6703000000,107719.7700000000,,0.0000000000,,,TRUE,1,38.0000000000,33685.3000000000,17984.0000000000,10652.9700000000,5511.3400000000,4590.8600000000,3248.2900000000,1536.0000000000,9391.4500000000,5280.0000000000,11958.2700000000,2912.0000000000,4.50000,20.50000,2.50000,-4500.00000,150.00000,15.00000,9.00000,33.00000,2.30000,2.50000,0.75000,9.00000,30.00000,21.00000,52.00000,40000.00000,60.00000,48.00000,30.00000,9.00000,19.00000,110.00000,5000.00000,950000.00000,2.20000,10.00000,6.50000,2023-08-01
Mock MSO,mockshop-3333-492e-90d9-5f6993c406a8,Mock Shop 3,Nebraska,United States,April,20,2023,Q2,97,881.8000001313,46780.1901000000,57090.8601000000,196275.7998000000,2961.2000002712,1905.7999998037,538120.0981000000,7262.6473000000,1205,,172,,97,563385.9188000000,230541.9008000000,5126.5000000000,196268.5909000000,24792.1499000000,34273.3099000000,4354.6600000000,0.0000000000,,,416.7300000000,56891.2000000000,123903.8998000000,2822.5000000000,484.0000000000,1960.0000000000,0.0000000000,1960.0000000000,0.0000000000,0.0000000000,0.0000000000,157506.8006000000,4078.7000000000,132823.1406000000,17513.2800000000,24683.6600000000,3091.6800000000,0.0000000000,,37.5000000000,131.1000003365,5.0000000000,34580.5266000000,41982.3499000000,,0.0000000000,,,TRUE,1,40.0000000000,16546.8300000000,8320.0000000000,4708.0300000000,1709.2500000000,152.9800000000,1939.7900000000,896.0000000000,4270.3400000000,2368.0000000000,6510.7700000000,1696.0000000000,5.00000,18.00000,2.50000,0.00000,105.00000,12.50000,9.00000,26.00000,2.30000,2.50000,0.75000,10.00000,30.00000,21.00000,52.00000,30000.00000,60.00000,53.00000,30.00000,8.25000,19.00000,110.00000,5000.00000,525000.00000,2.20000,27.00000,5.00000,2023-04-01
Mock MSO,mockshop-2222-4b00-81bb-08ac3848e79e,Mock Shop 2,Kansas,United States,December,21,2023,Q4,148,1383.1000027660,67765.9600000000,110295.1898000000,326132.4999000000,4697.3000095860,2966.1000050093,945617.5713000000,19776.4614000000,2339,,320,,148,1032327.6691000000,424178.0402000000,16126.9100000000,367628.9401000000,39949.1901000000,56549.1001000000,473.0000000000,0.0000000000,,,7683.5500000000,91722.8000000000,196795.4999000000,4495.0000000000,8249.0000000000,3215.4000000000,0.0000000000,3115.4000000000,0.0000000000,0.0000000000,100.0000000000,309663.6392000000,12731.1300000000,267795.2092000000,28760.0500000000,41868.4300000000,377.2500000000,0.0000000000,,54.0000000000,225.0000014300,69.1000003815,50397.2560000000,87825.4597000000,,0.0000000000,,,TRUE,1,38.0000000000,18189.4700000000,9472.0000000000,6391.5700000000,3292.2900000000,1152.9000000000,2193.0000000000,1024.0000000000,5525.4800000000,3104.0000000000,6134.6900000000,1376.0000000000,4.50000,20.50000,2.50000,-4500.00000,150.00000,15.00000,9.00000,33.00000,2.30000,2.50000,0.75000,9.00000,30.00000,21.00000,52.00000,40000.00000,60.00000,48.00000,30.00000,9.00000,19.00000,110.00000,5000.00000,950000.00000,2.20000,10.00000,6.50000,2023-12-01
Mock MSO,mockshop-1111-4a19-b398-aa425e30caed,Mock Shop 1,Nebraska,United States,August,22,2023,Q3,253,2221.1000059840,117778.4200000000,234075.1905000000,501832.5997000000,7419.0000129047,4860.3000062710,1454896.1710000000,36546.7788000000,3142,,545,,253,1513233.4508000000,585966.2521000000,22950.6699000000,500534.0021000000,60143.4601000000,85432.2500000000,801.6700000000,1536.4500000000,,,786.4500000000,148150.6001000000,322701.1996000000,5404.5000000000,1750.0000000000,14034.8100000000,0.0000000000,14034.8100000000,0.0000000000,0.0000000000,0.0000000000,410061.4706000000,19060.4200000000,347448.3507000000,41839.9199000000,62613.1199000000,627.8500000000,1084.9300000000,,67.1999998093,252.4000008404,18.0000000000,84843.2325000000,170094.5002000000,,0.0000000000,,,TRUE,2,40.0000000000,37437.1900000000,19070.7200000000,10689.5800000000,3976.4600000000,1319.2700000000,3541.4700000000,1664.0000000000,9187.0300000000,5152.0000000000,16008.8100000000,3870.7200000000,4.00000,15.00000,2.50000,0.00000,210.00000,15.00000,9.00000,29.50000,2.30000,2.50000,0.75000,9.00000,30.00000,21.00000,52.00000,60000.00000,60.00000,52.00000,30.00000,9.00000,19.00000,110.00000,5000.00000,1000000.00000,2.20000,10.00000,10.00000,2023-08-01
Mock MSO,mockshop-1111-4a19-b398-aa425e30caed,Mock Shop 1,Nebraska,United States,February,19,2023,Q1,189,1855.5999968803,94387.1499000000,150136.6798000000,396976.4800000000,5952.1999953169,3653.5999978108,1230166.5994000000,24804.4419000000,2645,,472,,189,1285642.2592000000,572668.3377000000,27862.7500000000,520068.4377000000,22892.9300000000,52599.9000000000,1844.2200000000,0.0000000000,,,2957.8300000000,120156.8000000000,237052.5800000000,4619.5000000000,560.0000000000,2540.0000000000,0.0000000000,2540.0000000000,0.0000000000,0.0000000000,0.0000000000,416916.5414000000,22755.6400000000,375879.9714000000,16465.1300000000,41036.5700000000,1815.8000000000,0.0000000000,,59.5000000000,377.5000006255,6.0000000000,68908.3459000000,112183.1300000000,,0.0000000000,,,TRUE,2,40.0000000000,30691.0400000000,16288.0000000000,8283.1400000000,2720.8700000000,1122.3500000000,3035.0500000000,1408.0000000000,8595.4300000000,4800.0000000000,11661.6200000000,3104.0000000000,4.00000,15.00000,2.50000,0.00000,210.00000,15.00000,9.00000,29.50000,2.30000,2.50000,0.75000,9.00000,30.00000,21.00000,52.00000,60000.00000,60.00000,52.00000,30.00000,9.00000,19.00000,110.00000,5000.00000,1000000.00000,2.20000,10.00000,10.00000,2023-02-01
Mock MSO,mockshop-3333-492e-90d9-5f6993c406a8,Mock Shop 3,Nebraska,United States,August,22,2023,Q3,128,1187.2999959590,64362.8000000000,95326.8900000000,255701.7001000000,3810.1999978495,2471.7000024316,713412.5582000000,17593.0575000000,1327,,290,,128,744765.1738000000,288794.0107000000,4466.2500000000,251638.3805000000,32689.3802000000,37155.6302000000,0.0000000000,0.0000000000,,,1125.5000000000,78382.4001000000,163559.4000000000,3348.5000000000,1654.0000000000,2846.7700000000,0.0000000000,2846.7700000000,0.0000000000,0.0000000000,0.0000000000,199864.9798000000,3460.0000000000,173057.0199000000,23347.9599000000,26807.9599000000,0.0000000000,0.0000000000,,42.5000000000,91.6999994588,17.0000000000,46585.9355000000,70500.0800000000,,0.0000000000,,,TRUE,1,40.0000000000,20440.7800000000,10400.0000000000,6281.3600000000,2940.5300000000,338.9000000000,2193.0000000000,1024.0000000000,5253.4200000000,2944.0000000000,8634.2400000000,2112.0000000000,5.00000,18.00000,2.50000,0.00000,105.00000,12.50000,9.00000,26.00000,2.30000,2.50000,0.75000,10.00000,30.00000,21.00000,52.00000,30000.00000,60.00000,53.00000,30.00000,8.25000,19.00000,110.00000,5000.00000,525000.00000,2.20000,27.00000,5.00000,2023-08-01
Mock MSO,mockshop-2222-4b00-81bb-08ac3848e79e,Mock Shop 2,Kansas,United States,August,22,2024,Q3,157,1537.0000059604,58374.5099000000,151077.8500000000,336645.9000000000,4851.1000185156,3097.1000118257,949417.9488000000,-884.2217000000,2413,,376,,157,1035130.1200000000,404123.9106000000,27648.6800000000,309686.7005000000,33249.1101000000,94437.2101000000,1929.6500000000,31609.7700000000,,,1212.0000000000,103461.5000000000,210457.6000000000,2434.0000000000,0.0000000000,8264.9800000000,0.0000000000,8264.9800000000,0.0000000000,0.0000000000,0.0000000000,279151.7898000000,25467.1400000000,221267.7699000000,22997.6599000000,57884.0199000000,1472.2400000000,7946.9800000000,,30.0000000000,187.0000007299,0.0000000000,38351.8524000000,122104.8403000000,,0.0000000000,,,TRUE,1,38.0000000000,26697.5500000000,14048.0000000000,9294.6400000000,5180.1000000000,2540.1300000000,2711.6900000000,1280.0000000000,7070.1700000000,3968.0000000000,9991.6000000000,2528.0000000000,4.50000,20.50000,2.50000,-4500.00000,150.00000,15.00000,9.00000,33.00000,2.30000,2.50000,0.75000,9.00000,30.00000,21.00000,52.00000,40000.00000,60.00000,48.00000,30.00000,9.00000,19.00000,110.00000,5000.00000,950000.00000,2.20000,10.00000,6.50000,2024-08-01
Mock MSO,mockshop-3333-492e-90d9-5f6993c406a8,Mock Shop 3,Nebraska,United States,November,21,2024,Q4,62,620.4000004831,34726.0000000000,75281.0997000000,150016.5000000000,2166.8999966086,1468.2999964949,389845.6164000000,-10523.6639000000,842,,110,,62,406631.2710000000,140308.7806000000,3269.2500000000,126017.0906000000,5321.5900000000,14291.6900000000,0.0000000000,5700.8500000000,,,983.6300000000,42429.8000000000,100200.2000000000,2537.5000000000,0.0000000000,7548.6000000000,0.0000000000,7548.6000000000,0.0000000000,0.0000000000,0.0000000000,86486.2203000000,2606.0000000000,75895.8403000000,3615.5000000000,10590.3800000000,0.0000000000,4368.8800000000,,29.5000000000,48.6999996305,0.0000000000,23614.7470000000,55896.7900000000,,0.0000000000,,,TRUE,1,40.0000000000,8998.7300000000,8990.7200000000,4747.6300000000,2563.2800000000,785.2600000000,795.6900000000,768.0000000000,2230.3300000000,2464.0000000000,3907.1400000000,1886.7200000000,5.00000,18.00000,2.50000,0.00000,105.00000,12.50000,9.00000,26.00000,2.30000,2.50000,0.75000,10.00000,30.00000,21.00000,52.00000,30000.00000,60.00000,53.00000,30.00000,8.25000,19.00000,110.00000,5000.00000,525000.00000,2.20000,27.00000,5.00000,2024-11-01
Mock MSO,mockshop-1111-4a19-b398-aa425e30caed,Mock Shop 1,Nebraska,United States,October,21,2023,Q4,173,1637.0000052451,86329.8202000000,143818.3902000000,358022.7193000000,5315.0000024883,3452.2999969121,985131.5016000000,29424.4818000000,2397,,420,,173,1023811.6609000000,381772.8601000000,10539.2300000000,345237.7202000000,25995.9099000000,36535.1399000000,0.0000000000,0.0000000000,,,2738.2400000000,107843.1000000000,229195.7193000000,5079.0000000000,200.0000000000,6736.1600000000,0.0000000000,6736.1600000000,0.0000000000,0.0000000000,0.0000000000,268683.4601000000,8241.5100000000,241062.1301000000,19379.8200000000,27621.3300000000,0.0000000000,0.0000000000,,63.0000000000,160.7000003306,2.0000000000,63264.5002000000,107965.8302000000,,0.0000000000,,,TRUE,2,40.0000000000,29223.1000000000,14695.6800000000,8337.1300000000,4949.9200000000,1073.9600000000,3273.6800000000,1536.0000000000,7025.2200000000,3936.0000000000,12445.8800000000,2823.6800000000,4.00000,15.00000,2.50000,0.00000,210.00000,15.00000,9.00000,29.50000,2.30000,2.50000,0.75000,9.00000,30.00000,21.00000,52.00000,60000.00000,60.00000,52.00000,30.00000,9.00000,19.00000,110.00000,5000.00000,1000000.00000,2.20000,10.00000,10.00000,2023-10-01
Mock MSO,mockshop-3333-492e-90d9-5f6993c406a8,Mock Shop 3,Nebraska,United States,March,22,2023,Q1,126,1082.3999956249,57219.6500000000,67043.9001000000,230980.9004000000,3480.9999895095,2172.7999947668,649722.8694000000,21636.5793000000,1569,,261,,126,680724.5390000000,284400.4596000000,17124.5000000000,225064.2196000000,34122.1901000000,59336.2400000000,8089.5499000000,0.0000000000,,,1235.4200000000,70056.5000000000,140792.5004000000,4577.0000000000,2065.5000000000,1940.0000000000,0.0000000000,1940.0000000000,0.0000000000,0.0000000000,0.0000000000,198099.3196000000,13240.7000000000,153964.0296000000,24686.2701000000,44135.2900000000,6208.3199000000,0.0000000000,,60.0000000000,144.4999989270,21.3000001907,42527.4785000000,46547.3399000000,,0.0000000000,,,TRUE,1,40.0000000000,20282.6600000000,10499.8400000000,5896.9900000000,3357.8400000000,493.9400000000,2446.2100000000,1152.0000000000,4093.3800000000,2304.0000000000,9645.6400000000,2371.8400000000,5.00000,18.00000,2.50000,0.00000,105.00000,12.50000,9.00000,26.00000,2.30000,2.50000,0.75000,10.00000,30.00000,21.00000,52.00000,30000.00000,60.00000,53.00000,30.00000,8.25000,19.00000,110.00000,5000.00000,525000.00000,2.20000,27.00000,5.00000,2023-03-01
Mock MSO,mockshop-2222-4b00-81bb-08ac3848e79e,Mock Shop 2,Kansas,United States,January,21,2023,Q1,151,1551.1999946834,73689.0300000000,127250.8503000000,359444.9999000000,5400.5000067133,3346.5000115414,998974.0938000000,19295.6837000000,2588,,339,,151,1090007.4180000000,420954.9799000000,22307.4800000000,322885.4500000000,66800.2799000000,98069.5299000000,8961.7700000000,0.0000000000,,,8198.8500000000,97893.8000000000,213342.5999000000,5102.5000000000,4450.0000000000,2100.0000000000,0.0000000000,2100.0000000000,0.0000000000,0.0000000000,0.0000000000,316287.2115000000,21535.6000000000,238785.5316000000,49322.1899000000,77501.6799000000,6643.8900000000,0.0000000000,,64.5000000000,393.8000004889,44.5000000000,53643.1675000000,103724.0101000000,,0.0000000000,,,TRUE,1,38.0000000000,23222.8800000000,13856.0000000000,8275.5000000000,3308.1600000000,1462.9000000000,2401.7400000000,1152.0000000000,6977.1400000000,4128.0000000000,8149.0300000000,2304.0000000000,4.50000,20.50000,2.50000,-4500.00000,150.00000,15.00000,9.00000,33.00000,2.30000,2.50000,0.75000,9.00000,30.00000,21.00000,52.00000,40000.00000,60.00000,48.00000,30.00000,9.00000,19.00000,110.00000,5000.00000,950000.00000,2.20000,10.00000,6.50000,2023-01-01
Mock MSO,mockshop-2222-4b00-81bb-08ac3848e79e,Mock Shop 2,Kansas,United States,October,22,2024,Q4,167,1679.1000032424,75153.3500000000,205314.5201000000,412455.1999000000,5831.7000174074,3921.2000148294,1174233.8726000000,-4247.5849000000,2515,,358,,167,1280644.2159000000,485569.9875000000,8479.1000000000,415275.5677000000,34214.1199000000,70294.4198000000,1905.0000000000,25696.1999000000,,,4156.5000000000,115981.7000000000,272300.5999000000,4750.0000000000,0.0000000000,15119.3100000000,0.0000000000,15119.3100000000,0.0000000000,0.0000000000,0.0000000000,324960.0189000000,7241.8000000000,283498.9689000000,24043.7100000000,41461.0500000000,1262.6400000000,8912.9000000000,,57.0000000000,174.3999993347,0.0000000000,51631.6450000000,170082.5001000000,,0.0000000000,,,TRUE,1,38.0000000000,12139.7500000000,14176.0000000000,11529.2000000000,6083.4400000000,2274.0100000000,1424.3000000000,1408.0000000000,3088.5000000000,3712.0000000000,4693.2400000000,2528.0000000000,4.50000,20.50000,2.50000,-4500.00000,150.00000,15.00000,9.00000,33.00000,2.30000,2.50000,0.75000,9.00000,30.00000,21.00000,52.00000,40000.00000,60.00000,48.00000,30.00000,9.00000,19.00000,110.00000,5000.00000,950000.00000,2.20000,10.00000,6.50000,2024-10-01
Mock MSO,mockshop-3333-492e-90d9-5f6993c406a8,Mock Shop 3,Nebraska,United States,May,22,2024,Q2,91,911.7000041604,50071.7000000000,93242.8897000000,185425.6000000000,2703.7000049648,1685.0000009538,511734.6125000000,16743.5017000000,1079,,196,,91,533056.6598000000,177446.6211000000,2980.0000000000,151065.3109000000,21078.4402000000,26381.3102000000,2088.1300000000,234.7400000000,,,984.6900000000,61353.0001000000,113567.3999000000,650.0000000000,600.0000000000,6427.6600000000,0.0000000000,6427.6600000000,0.0000000000,0.0000000000,0.0000000000,121025.2406000000,2350.0000000000,101345.1006000000,15509.4700000000,19680.1400000000,1636.8800000000,183.7900000000,,8.0000000000,92.9999998509,6.0000000000,35251.3265000000,70285.6797000000,,0.0000000000,,,TRUE,1,40.0000000000,14680.6100000000,7840.0000000000,4809.7400000000,2932.4300000000,695.3100000000,1976.6600000000,896.0000000000,3421.0500000000,1920.0000000000,5577.1700000000,1344.0000000000,5.00000,18.00000,2.50000,0.00000,105.00000,12.50000,9.00000,26.00000,2.30000,2.50000,0.75000,10.00000,30.00000,21.00000,52.00000,30000.00000,60.00000,53.00000,30.00000,8.25000,19.00000,110.00000,5000.00000,525000.00000,2.20000,27.00000,5.00000,2024-05-01
Mock MSO,mockshop-2222-4b00-81bb-08ac3848e79e,Mock Shop 2,Kansas,United States,February,20,2024,Q1,150,1470.1000011119,73178.8400000000,108812.1801000000,329297.2001000000,4726.2999961372,2942.8999956998,925682.9604000000,14345.9199000000,2125,,320,,150,1011058.3142000000,400893.5103000000,25791.5000000000,335813.8903000000,36480.0600000000,65079.6200000000,2668.2500000000,139.8100000000,,,5939.0000000000,98479.5000000000,197283.6001000000,2590.0000000000,4060.0000000000,3829.4000000000,0.0000000000,3829.4000000000,0.0000000000,0.0000000000,0.0000000000,285462.0187000000,20643.2600000000,237160.3187000000,25662.1200000000,48301.7000000000,1996.3200000000,0.0000000000,,31.0000000000,245.2999993264,37.0000000000,52825.9225000000,87791.9300000000,,0.0000000000,,,TRUE,1,38.0000000000,23044.6500000000,12320.0000000000,8649.0300000000,4919.3300000000,2280.3500000000,2653.1400000000,1248.0000000000,6156.5700000000,3456.0000000000,8432.7900000000,2112.0000000000,4.50000,20.50000,2.50000,-4500.00000,150.00000,15.00000,9.00000,33.00000,2.30000,2.50000,0.75000,9.00000,30.00000,21.00000,52.00000,40000.00000,60.00000,48.00000,30.00000,9.00000,19.00000,110.00000,5000.00000,950000.00000,2.20000,10.00000,6.50000,2024-02-01
Mock MSO,mockshop-2222-4b00-81bb-08ac3848e79e,Mock Shop 2,Kansas,United States,April,20,2023,Q2,152,1497.7000010012,71674.0000000000,117054.1196000000,358894.9101000000,5261.9000148104,3267.6000142102,975519.5396000000,21160.5282000000,2325,,393,,152,1064032.7760000000,407498.1617000000,17558.6201000000,348198.7816000000,39389.8200000000,59299.3801000000,2350.9400000000,0.0000000000,,,12716.2399000000,98157.6000000000,211838.1101000000,6857.5000000000,10314.0000000000,2940.3200000000,0.0000000000,2840.3200000000,0.0000000000,0.0000000000,100.0000000000,287847.8984000000,14491.8999000000,244033.7885000000,27600.6000000000,43814.1099000000,1721.6100000000,0.0000000000,,85.5000000000,315.9999992171,95.1000003815,50924.8740000000,93851.1296000000,,0.0000000000,,,TRUE,1,38.0000000000,24370.6100000000,12353.2800000000,7948.0900000000,3476.0000000000,555.3400000000,2193.0000000000,1024.0000000000,6403.2800000000,3584.0000000000,10004.9700000000,2369.2800000000,4.50000,20.50000,2.50000,-4500.00000,150.00000,15.00000,9.00000,33.00000,2.30000,2.50000,0.75000,9.00000,30.00000,21.00000,52.00000,40000.00000,60.00000,48.00000,30.00000,9.00000,19.00000,110.00000,5000.00000,950000.00000,2.20000,10.00000,6.50000,2023-04-01
Mock MSO,mockshop-2222-4b00-81bb-08ac3848e79e,Mock Shop 2,Kansas,United States,April,21,2024,Q2,131,1374.1999989155,69461.2199000000,150625.2100000000,319192.4001000000,4610.3000077228,3027.6000097764,917913.3282000000,10720.3098000000,1923,,336,,131,1001059.9165000000,371108.7384000000,15888.5000000000,306683.0284000000,46674.9600000000,64425.7100000000,1756.0000000000,106.2500000000,,,1853.2000000000,92771.2000000000,204433.4001000000,2720.0000000000,0.0000000000,8126.9800000000,0.0000000000,8126.9800000000,0.0000000000,0.0000000000,0.0000000000,264611.2396000000,12252.1300000000,216772.7996000000,34340.3200000000,47838.4400000000,1177.9900000000,68.0000000000,,32.0000000000,176.4999990311,0.0000000000,49136.7954000000,120174.7004000000,,0.0000000000,,,TRUE,1,38.0000000000,22335.0000000000,12000.0000000000,10344.7700000000,4821.6300000000,1878.7400000000,2711.6900000000,1280.0000000000,5998.0000000000,3360.0000000000,6600.9700000000,1600.0000000000,4.50000,20.50000,2.50000,-4500.00000,150.00000,15.00000,9.00000,33.00000,2.30000,2.50000,0.75000,9.00000,30.00000,21.00000,52.00000,40000.00000,60.00000,48.00000,30.00000,9.00000,19.00000,110.00000,5000.00000,950000.00000,2.20000,10.00000,6.50000,2024-04-01
Mock MSO,mockshop-2222-4b00-81bb-08ac3848e79e,Mock Shop 2,Kansas,United States,March,22,2023,Q1,171,1640.1000012755,80637.3699000000,139252.8195000000,386278.6599000000,5706.5000068395,3621.4000050431,1062620.3338000000,19609.4436000000,2337,,428,,171,1158451.5941000000,439741.5809000000,27151.1500000000,355867.9410000000,53956.4899000000,83873.6399000000,2766.0000000000,0.0000000000,,,8072.4700000000,106009.1000000000,235899.0599000000,5918.0000000000,5434.0000000000,1880.0000000000,0.0000000000,1880.0000000000,0.0000000000,0.0000000000,0.0000000000,319965.2579000000,21679.4600000000,256430.4581000000,39795.6898000000,63534.7998000000,2059.6500000000,0.0000000000,,70.0000000000,327.9000001396,47.1000003815,57179.5509000000,111959.9204000000,,0.0000000000,,,TRUE,1,38.0000000000,28904.7900000000,14817.2800000000,9161.0200000000,3186.7500000000,1211.4600000000,2446.2100000000,1152.0000000000,6849.8600000000,3840.0000000000,13360.3000000000,3297.2800000000,4.50000,20.50000,2.50000,-4500.00000,150.00000,15.00000,9.00000,33.00000,2.30000,2.50000,0.75000,9.00000,30.00000,21.00000,52.00000,40000.00000,60.00000,48.00000,30.00000,9.00000,19.00000,110.00000,5000.00000,950000.00000,2.20000,10.00000,6.50000,2023-03-01
Mock MSO,mockshop-3333-492e-90d9-5f6993c406a8,Mock Shop 3,Nebraska,United States,February,20,2024,Q1,93,935.9000037018,49408.8200000000,44097.2704000000,178218.2002000000,2617.1000002103,1559.2999967928,508404.6316000000,29958.2111000000,1292,,175,,93,532572.4996000000,230168.3999000000,3135.3500000000,194631.7098000000,29605.2501000000,35536.6901000000,2796.0900000000,0.0000000000,,,2615.3400000000,62687.3001000000,104090.2001000000,1923.0000000000,200.0000000000,1100.0000000000,0.0000000000,1100.0000000000,0.0000000000,0.0000000000,0.0000000000,150691.0900000000,2467.9800000000,125940.9300000000,20462.9000000000,24750.1600000000,1819.2800000000,0.0000000000,,24.0000000000,95.8999997147,2.0000000000,34221.4535000000,31569.7200000000,,0.0000000000,,,TRUE,1,40.0000000000,12321.2300000000,6848.0000000000,4030.8000000000,2304.4100000000,521.2000000000,1611.6600000000,768.0000000000,3192.9800000000,1792.0000000000,4768.1900000000,1248.0000000000,5.00000,18.00000,2.50000,0.00000,105.00000,12.50000,9.00000,26.00000,2.30000,2.50000,0.75000,10.00000,30.00000,21.00000,52.00000,30000.00000,60.00000,53.00000,30.00000,8.25000,19.00000,110.00000,5000.00000,525000.00000,2.20000,27.00000,5.00000,2024-02-01
Mock MSO,mockshop-3333-492e-90d9-5f6993c406a8,Mock Shop 3,Nebraska,United States,September,21,2023,Q3,115,1030.2999965850,53481.0501000000,70999.8403000000,218655.8001000000,3254.3999991568,2055.3000024409,597561.5978000000,24909.5882000000,1355,,231,,115,625072.8794000000,248419.4192000000,7002.7000000000,213066.5191000000,26294.2001000000,35352.9001000000,2056.0000000000,0.0000000000,,,456.8800000000,68078.4000000000,135432.8001000000,4248.0000000000,686.0000000000,2136.3800000000,0.0000000000,2136.3800000000,0.0000000000,0.0000000000,0.0000000000,169573.0596000000,5505.7700000000,143800.4096000000,18649.6300000000,25772.6500000000,1617.2500000000,0.0000000000,,54.0000000000,107.8000001308,7.0000000000,37989.1591000000,53093.9400000000,,0.0000000000,,,TRUE,1,40.0000000000,14635.3600000000,7840.0000000000,4469.3500000000,2295.0700000000,356.6000000000,1644.1300000000,768.0000000000,3773.8400000000,2112.0000000000,5730.2500000000,1472.0000000000,5.00000,18.00000,2.50000,0.00000,105.00000,12.50000,9.00000,26.00000,2.30000,2.50000,0.75000,10.00000,30.00000,21.00000,52.00000,30000.00000,60.00000,53.00000,30.00000,8.25000,19.00000,110.00000,5000.00000,525000.00000,2.20000,27.00000,5.00000,2023-09-01
Mock MSO,mockshop-2222-4b00-81bb-08ac3848e79e,Mock Shop 2,Kansas,United States,October,21,2023,Q4,157,1484.4000016754,72837.6800000000,140156.7001000000,356486.4097000000,5028.8000001459,3072.0999974612,999531.7674000000,26640.1765000000,2202,,414,,157,1090937.5595000000,408680.9611000000,11977.5000000000,353193.7711000000,40870.7900000000,55487.1900000000,2608.9000000000,30.0000000000,,,11247.5000000000,100957.0000000000,208367.4097000000,3810.0000000000,16010.0000000000,3239.0000000000,0.0000000000,3239.0000000000,0.0000000000,0.0000000000,0.0000000000,290204.1198000000,9498.7800000000,247696.4399000000,31220.6999000000,42507.6799000000,1768.2000000000,20.0000000000,,45.5000000000,250.2000006290,176.6000003815,52810.0560000000,112608.4801000000,,0.0000000000,,,TRUE,1,38.0000000000,22034.8000000000,11776.0000000000,8667.8200000000,3206.5400000000,995.7200000000,2446.2100000000,1152.0000000000,6140.0700000000,3456.0000000000,8206.1600000000,2048.0000000000,4.50000,20.50000,2.50000,-4500.00000,150.00000,15.00000,9.00000,33.00000,2.30000,2.50000,0.75000,9.00000,30.00000,21.00000,52.00000,40000.00000,60.00000,48.00000,30.00000,9.00000,19.00000,110.00000,5000.00000,950000.00000,2.20000,10.00000,6.50000,2023-10-01
Mock MSO,mockshop-1111-4a19-b398-aa425e30caed,Mock Shop 1,Nebraska,United States,October,22,2024,Q4,227,2011.6999984085,96959.3798000000,238670.6595000000,475938.7914000000,6882.5999991150,4638.9000004678,1290585.3396000000,6279.4482000000,3268,,586,,227,1339860.0350000000,485826.4207000000,14172.0000000000,390962.4608000000,47136.4900000000,94863.9599000000,1369.1600000000,32186.3099000000,,,1940.1600000000,137548.3000000000,316001.2914000000,2836.0000000000,1800.0000000000,17015.6101000000,0.0000000000,17015.6101000000,0.0000000000,0.0000000000,0.0000000000,316548.2992000000,11147.2500000000,261272.7793000000,30860.4699000000,55275.5199000000,1242.2100000000,12025.5900000000,,34.0000000000,180.0000002384,18.0000000000,65643.5843000000,179692.9087000000,,0.0000000000,,,TRUE,2,40.0000000000,19420.8700000000,19554.5600000000,9210.9400000000,5355.9300000000,1596.0800000000,2365.4100000000,1920.0000000000,4985.6700000000,5248.0000000000,7519.5300000000,3746.5600000000,4.00000,15.00000,2.50000,0.00000,210.00000,15.00000,9.00000,29.50000,2.30000,2.50000,0.75000,9.00000,30.00000,21.00000,52.00000,60000.00000,60.00000,52.00000,30.00000,9.00000,19.00000,110.00000,5000.00000,1000000.00000,2.20000,10.00000,10.00000,2024-10-01
Mock MSO,mockshop-1111-4a19-b398-aa425e30caed,Mock Shop 1,Nebraska,United States,June,21,2023,Q2,207,1940.8999962807,104247.3400000000,167074.9696000000,437602.1996000000,6511.6999938559,4198.5999961647,1209437.1859000000,50886.0461000000,2847,,477,,207,1258712.9966000000,486894.5206000000,12628.2500000000,437546.2706000000,36074.0000000000,49348.2500000000,636.0000000000,10.0000000000,,,2423.6500000000,127621.2999000000,276837.7997000000,6510.0000000000,1329.0000000000,6956.8400000000,0.0000000000,6956.8400000000,0.0000000000,0.0000000000,0.0000000000,341493.6503000000,9921.5000000000,304845.2804000000,26059.5899000000,36648.3699000000,659.7800000000,7.5000000000,,85.0000000000,273.2000014107,14.0000000000,73274.9095000000,127155.6402000000,,0.0000000000,,,TRUE,2,40.0000000000,29882.9700000000,16071.6800000000,9296.1400000000,4275.2900000000,848.9200000000,2446.2100000000,1152.0000000000,8543.9700000000,4800.0000000000,11563.3500000000,3008.0000000000,4.00000,15.00000,2.50000,0.00000,210.00000,15.00000,9.00000,29.50000,2.30000,2.50000,0.75000,9.00000,30.00000,21.00000,52.00000,60000.00000,60.00000,52.00000,30.00000,9.00000,19.00000,110.00000,5000.00000,1000000.00000,2.20000,10.00000,10.00000,2023-06-01
Mock MSO,mockshop-3333-492e-90d9-5f6993c406a8,Mock Shop 3,Nebraska,United States,September,20,2024,Q3,85,934.4000021221,38256.9002000000,73886.8803000000,210839.3009000000,3062.5999887291,2008.5999869108,507182.8997000000,19961.9594000000,1241,,145,,85,527751.9238000000,185964.5590000000,3971.1499000000,136648.3391000000,26354.5500000000,49316.2199000000,398.4300000000,18592.0900000000,,,575.1300000000,63189.8001000000,135911.9008000000,532.5000000000,4080.0000000000,8036.0500000000,0.0000000000,8036.0500000000,0.0000000000,0.0000000000,0.0000000000,116590.0998000000,3085.0000000000,92589.7499000000,17170.9599000000,24000.3499000000,400.3600000000,3344.0300000000,,6.5000000000,71.0999996960,42.0000000000,25053.6262000000,57208.5996000000,,0.0000000000,,,TRUE,1,40.0000000000,11388.7000000000,6145.2800000000,4869.9000000000,3666.3100000000,473.2500000000,1313.7100000000,640.0000000000,3192.9800000000,1792.0000000000,4200.2600000000,1121.2800000000,5.00000,18.00000,2.50000,0.00000,105.00000,12.50000,9.00000,26.00000,2.30000,2.50000,0.75000,10.00000,30.00000,21.00000,52.00000,30000.00000,60.00000,53.00000,30.00000,8.25000,19.00000,110.00000,5000.00000,525000.00000,2.20000,27.00000,5.00000,2024-09-01
Mock MSO,mockshop-2222-4b00-81bb-08ac3848e79e,Mock Shop 2,Kansas,United States,November,21,2023,Q4,131,1322.0000028017,62983.1000000000,114362.2403000000,292144.7801000000,4302.4999965873,2688.4999934739,832054.2895000000,17011.0483000000,2194,,371,,131,907652.8225000000,349184.9208000000,16283.7500000000,294806.3509000000,35194.4299000000,54378.5699000000,2783.7500000000,116.6400000000,,,4707.1700000000,86452.8000000000,175620.7002000000,5481.3799000000,3700.0000000000,3618.5000000000,0.0000000000,3518.5000000000,100.0000000000,0.0000000000,0.0000000000,255240.2409000000,13269.3600000000,212730.0508000000,27045.0101000000,42510.1901000000,2105.8400000000,89.9800000000,,59.2000007629,195.7999995501,37.0000000000,45471.4000000000,91929.4401000000,,0.0000000000,,,TRUE,1,38.0000000000,19447.1100000000,10147.8400000000,7388.0000000000,2970.8900000000,1027.5400000000,1308.5000000000,640.0000000000,5230.4300000000,2944.0000000000,8242.6900000000,1955.8400000000,4.50000,20.50000,2.50000,-4500.00000,150.00000,15.00000,9.00000,33.00000,2.30000,2.50000,0.75000,9.00000,30.00000,21.00000,52.00000,40000.00000,60.00000,48.00000,30.00000,9.00000,19.00000,110.00000,5000.00000,950000.00000,2.20000,10.00000,6.50000,2023-11-01
Mock MSO,mockshop-3333-492e-90d9-5f6993c406a8,Mock Shop 3,Nebraska,United States,April,21,2024,Q2,78,799.3999946122,44427.3500000000,51842.8400000000,165540.7998000000,2415.9999909996,1506.9999966618,489360.0724000000,11323.2114000000,1152,,144,,78,512730.9599000000,221984.8012000000,3215.0000000000,197579.7713000000,20123.1099000000,24405.0299000000,339.3800000000,727.5400000000,,,998.8000000000,53864.7001000000,101564.6997000000,2564.0000000000,480.0000000000,1611.2000000000,0.0000000000,1611.2000000000,0.0000000000,0.0000000000,0.0000000000,147644.0394000000,2371.1700000000,129499.3193000000,14869.5201000000,18144.7201000000,322.0000000000,582.0300000000,,32.0000000000,72.5999997255,5.0000000000,31387.4990000000,41842.5101000000,,0.0000000000,,,TRUE,1,40.0000000000,11195.7400000000,6208.0000000000,3580.0300000000,2651.5900000000,423.7700000000,1567.6500000000,768.0000000000,2736.8400000000,1536.0000000000,4115.2200000000,960.0000000000,5.00000,18.00000,2.50000,0.00000,105.00000,12.50000,9.00000,26.00000,2.30000,2.50000,0.75000,10.00000,30.00000,21.00000,52.00000,30000.00000,60.00000,53.00000,30.00000,8.25000,19.00000,110.00000,5000.00000,525000.00000,2.20000,27.00000,5.00000,2024-04-01
Mock MSO,mockshop-3333-492e-90d9-5f6993c406a8,Mock Shop 3,Nebraska,United States,October,21,2023,Q4,114,1029.4000001549,54564.6800000000,91267.6300000000,224770.7000000000,3298.5999989575,2111.8999989630,631351.4930000000,8741.3031000000,1413,,239,,114,659899.4273000000,255220.1199000000,7145.0600000000,226069.3499000000,19950.9400000000,29150.7700000000,2054.7700000000,0.0000000000,,,870.7600000000,68996.2000000000,141426.5000000000,4519.0000000000,2280.0000000000,3328.1800000000,0.0000000000,3328.1800000000,0.0000000000,0.0000000000,0.0000000000,178666.2899000000,5749.9700000000,157214.0499000000,14233.6700000000,21452.2400000000,1468.6000000000,0.0000000000,,56.0000000000,78.2999998405,23.0000000000,38117.8200000000,66160.6500000000,,0.0000000000,,,TRUE,1,40.0000000000,16489.9900000000,7687.6800000000,4640.6300000000,2861.8700000000,352.2300000000,1604.1600000000,768.0000000000,3956.6000000000,2208.0000000000,7206.9600000000,1607.6800000000,5.00000,18.00000,2.50000,0.00000,105.00000,12.50000,9.00000,26.00000,2.30000,2.50000,0.75000,10.00000,30.00000,21.00000,52.00000,30000.00000,60.00000,53.00000,30.00000,8.25000,19.00000,110.00000,5000.00000,525000.00000,2.20000,27.00000,5.00000,2023-10-01
Mock MSO,mockshop-1111-4a19-b398-aa425e30caed,Mock Shop 1,Nebraska,United States,September,20,2024,Q3,146,1411.3999992013,54186.0900000000,160766.3291000000,334993.3997000000,4877.9999874238,3310.9999882729,938419.4592000000,2861.9591000000,2810,,376,,146,975497.6912000000,388612.1713000000,10228.7100000000,296172.7215000000,49455.4498000000,92439.4498000000,4094.6700000000,28660.6200000000,,,448.0600000000,95918.8000000000,224268.3997000000,2338.0000000000,0.0000000000,11333.2900000000,0.0000000000,11333.2900000000,0.0000000000,0.0000000000,0.0000000000,248553.6996000000,8209.6601000000,201913.2594000000,33604.1901000000,46640.4402000000,3094.5500000000,1732.0400000000,,28.0000000000,127.5999999488,0.0000000000,35441.4450000000,130997.7198000000,,0.0000000000,,,TRUE,2,40.0000000000,23261.0300000000,12771.8400000000,8041.9200000000,3725.7800000000,844.9500000000,1567.6500000000,768.0000000000,6385.9600000000,3584.0000000000,9467.7500000000,2339.8400000000,4.00000,15.00000,2.50000,0.00000,210.00000,15.00000,9.00000,29.50000,2.30000,2.50000,0.75000,9.00000,30.00000,21.00000,52.00000,60000.00000,60.00000,52.00000,30.00000,9.00000,19.00000,110.00000,5000.00000,1000000.00000,2.20000,10.00000,10.00000,2024-09-01
Mock MSO,mockshop-3333-492e-90d9-5f6993c406a8,Mock Shop 3,Nebraska,United States,March,21,2024,Q1,87,833.4000027772,46169.6100000000,45955.0802000000,179222.9001000000,2612.2000069026,1653.4000039099,538011.7930000000,10874.7033000000,1422,,205,,87,564834.1516000000,259250.0694000000,4155.9600000000,224915.3691000000,28944.4103000000,34334.7003000000,1069.3300000000,165.0000000000,,,2058.1900000000,56162.2000000000,111224.6001000000,2404.0000000000,0.0000000000,1360.0000000000,0.0000000000,1360.0000000000,0.0000000000,0.0000000000,0.0000000000,169306.0896000000,3200.6700000000,144985.6096000000,20189.8100000000,24320.4800000000,802.0000000000,128.0000000000,,29.0000000000,96.4000002142,0.0000000000,33136.4085000000,34257.4200000000,,0.0000000000,,,TRUE,1,40.0000000000,11300.0800000000,5760.0000000000,4258.9600000000,1858.9700000000,425.3600000000,1144.0400000000,512.0000000000,3057.3400000000,1696.0000000000,4313.6700000000,1056.0000000000,5.00000,18.00000,2.50000,0.00000,105.00000,12.50000,9.00000,26.00000,2.30000,2.50000,0.75000,10.00000,30.00000,21.00000,52.00000,30000.00000,60.00000,53.00000,30.00000,8.25000,19.00000,110.00000,5000.00000,525000.00000,2.20000,27.00000,5.00000,2024-03-01
Mock MSO,mockshop-2222-4b00-81bb-08ac3848e79e,Mock Shop 2,Kansas,United States,February,19,2023,Q1,149,1420.5999991890,68401.1400000000,107016.7902000000,336146.0999000000,5033.0000051562,3070.4000036124,859862.4451000000,17003.2944000000,2139,,390,,149,938437.3188000000,334188.3306000000,17080.0000000000,277127.2506000000,36561.0900000000,57061.0800000000,3419.9900000000,0.0000000000,,,6226.8000000000,89250.2000000000,193560.3999000000,9269.0000000000,16962.0000000000,2413.8000000000,0.0000000000,2413.8000000000,0.0000000000,0.0000000000,0.0000000000,245348.8808000000,13629.7700000000,202795.7908000000,26451.2100000000,42553.0900000000,2472.1100000000,0.0000000000,,96.4000015259,275.1000013054,170.4999995232,49052.0810000000,88473.0999000000,,0.0000000000,,,TRUE,1,38.0000000000,27705.7000000000,14112.0000000000,8424.3800000000,3726.7200000000,1255.1100000000,2995.0800000000,1408.0000000000,6662.5300000000,3744.0000000000,11687.5000000000,2816.0000000000,4.50000,20.50000,2.50000,-4500.00000,150.00000,15.00000,9.00000,33.00000,2.30000,2.50000,0.75000,9.00000,30.00000,21.00000,52.00000,40000.00000,60.00000,48.00000,30.00000,9.00000,19.00000,110.00000,5000.00000,950000.00000,2.20000,10.00000,6.50000,2023-02-01
Mock MSO,mockshop-1111-4a19-b398-aa425e30caed,Mock Shop 1,Nebraska,United States,June,20,2024,Q2,175,1732.8000015026,92808.1799000000,199358.8198000000,398028.1998000000,5824.9000064581,3856.7000055312,1203624.3275000000,33304.6078000000,2804,,440,,175,1252282.5600000000,505122.0602000000,29181.1200000000,430587.5403000000,42292.5700000000,74534.5199000000,2460.9399000000,599.8900000000,,,1116.4000000000,116902.4000000000,258876.6998000000,4409.0000000000,300.0000000000,14244.6599000000,0.0000000000,14244.6599000000,0.0000000000,0.0000000000,0.0000000000,351908.9095000000,22046.9800000000,296858.9795000000,30802.8300000000,55049.9300000000,1823.2200000000,376.9000000000,,53.0000000000,179.3999994245,3.0000000000,64920.3099000000,154775.5890000000,,0.0000000000,,,TRUE,2,40.0000000000,28746.0800000000,15486.7200000000,8941.9000000000,3443.7500000000,1053.7100000000,2711.6900000000,1280.0000000000,7550.5600000000,4224.0000000000,11576.3900000000,2782.7200000000,4.00000,15.00000,2.50000,0.00000,210.00000,15.00000,9.00000,29.50000,2.30000,2.50000,0.75000,9.00000,30.00000,21.00000,52.00000,60000.00000,60.00000,52.00000,30.00000,9.00000,19.00000,110.00000,5000.00000,1000000.00000,2.20000,10.00000,10.00000,2024-06-01
Mock MSO,mockshop-1111-4a19-b398-aa425e30caed,Mock Shop 1,Nebraska,United States,March,21,2024,Q1,138,1321.4999979739,72463.7099000000,102874.8802000000,303087.1494000000,4359.2999883447,2798.0999896527,882122.6009000000,22842.0501000000,2188,,297,,138,918681.4910000000,390812.7513000000,9147.7200000000,341965.4514000000,34959.8799000000,48847.2999000000,4739.7000000000,0.0000000000,,,2786.8800000000,90103.7500000000,190573.1494000000,5210.5000000000,2600.0000000000,2436.1600000000,0.0000000000,2436.1600000000,0.0000000000,0.0000000000,0.0000000000,270449.4301000000,7245.5200000000,235283.2901000000,24699.6200000000,35166.1400000000,3221.0000000000,0.0000000000,,67.0000000000,146.7000007180,26.0000000000,53136.9799000000,81868.2100000000,,0.0000000000,,,TRUE,2,40.0000000000,19640.1800000000,10816.0000000000,6421.8300000000,3203.3500000000,834.6700000000,2711.6900000000,1280.0000000000,4629.5800000000,2592.0000000000,7581.6000000000,1984.0000000000,4.00000,15.00000,2.50000,0.00000,210.00000,15.00000,9.00000,29.50000,2.30000,2.50000,0.75000,9.00000,30.00000,21.00000,52.00000,60000.00000,60.00000,52.00000,30.00000,9.00000,19.00000,110.00000,5000.00000,1000000.00000,2.20000,10.00000,10.00000,2024-03-01
Mock MSO,mockshop-2222-4b00-81bb-08ac3848e79e,Mock Shop 2,Kansas,United States,May,22,2023,Q2,162,1614.3000045417,79965.1100000000,134014.8199000000,403253.6801000000,5721.1999942366,3461.0999901291,1092453.8139000000,24475.8451000000,2632,,432,,162,1192540.0094000000,454965.0288000000,22510.1400000000,378979.3989000000,48434.8599000000,75985.6299000000,5040.6300000000,0.0000000000,,,7983.9700000000,107325.7000000000,230188.7801000000,7282.5000000000,13170.0000000000,3798.0000000000,0.0000000000,3798.0000000000,0.0000000000,0.0000000000,0.0000000000,322354.9303000000,17681.3300000000,266799.9703000000,34042.6900000000,55554.9600000000,3830.9400000000,0.0000000000,,87.5000000000,428.7999986115,129.5000009537,58570.1870000000,104249.4501000000,,0.0000000000,,,TRUE,1,38.0000000000,26856.1500000000,14336.0000000000,9109.7700000000,3835.4600000000,2309.5400000000,2699.4200000000,1280.0000000000,6889.9400000000,3872.0000000000,10686.3600000000,2656.0000000000,4.50000,20.50000,2.50000,-4500.00000,150.00000,15.00000,9.00000,33.00000,2.30000,2.50000,0.75000,9.00000,30.00000,21.00000,52.00000,40000.00000,60.00000,48.00000,30.00000,9.00000,19.00000,110.00000,5000.00000,950000.00000,2.20000,10.00000,6.50000,2023-05-01
Mock MSO,mockshop-2222-4b00-81bb-08ac3848e79e,Mock Shop 2,Kansas,United States,March,21,2024,Q1,121,1157.3999975918,58298.4000000000,96107.6504000000,283494.9998000000,3995.7000015521,2626.9000035527,741801.2496000000,10745.8699000000,1655,,267,,121,806925.3478000000,293908.8295000000,10708.7500000000,258501.6993000000,23021.2702000000,35407.1302000000,1553.0000000000,124.1100000000,,,3224.0000000000,79041.3000000000,182178.6998000000,2845.0000000000,1000.0000000000,3340.7600000000,0.0000000000,3340.7600000000,0.0000000000,0.0000000000,0.0000000000,204045.3495000000,8538.6800000000,177531.5194000000,16677.2901000000,26513.8301000000,1173.7500000000,124.1100000000,,34.0000000000,167.4000004084,10.0000000000,42705.4940000000,78855.8802000000,,0.0000000000,,,TRUE,1,38.0000000000,17919.6800000000,8963.8400000000,6782.7300000000,3639.4300000000,1203.8500000000,2346.5400000000,1152.0000000000,5017.5400000000,2816.0000000000,7001.7100000000,1603.8400000000,4.50000,20.50000,2.50000,-4500.00000,150.00000,15.00000,9.00000,33.00000,2.30000,2.50000,0.75000,9.00000,30.00000,21.00000,52.00000,40000.00000,60.00000,48.00000,30.00000,9.00000,19.00000,110.00000,5000.00000,950000.00000,2.20000,10.00000,6.50000,2024-03-01
Mock MSO,mockshop-1111-4a19-b398-aa425e30caed,Mock Shop 1,Nebraska,United States,December,21,2023,Q4,175,1692.9000002736,89571.9400000000,128508.1505000000,373833.1005000000,5449.4000052885,3527.3000060316,1033751.1646000000,43625.6033000000,2998,,414,,175,1077675.5409000000,426286.9203000000,17343.8500000000,372680.2105000000,34060.9998000000,53606.7098000000,2201.8600000000,0.0000000000,,,2741.8900000000,114188.5000000000,238342.7005000000,4918.0000000000,1965.0000000000,3541.1200000000,0.0000000000,3541.1200000000,0.0000000000,0.0000000000,0.0000000000,304176.4099000000,13520.2200000000,262470.0799000000,26531.0100000000,41706.3300000000,1655.1000000000,0.0000000000,,61.0000000000,148.1999989821,20.0000000000,65867.9125000000,97055.3000000000,,0.0000000000,,,TRUE,2,40.0000000000,21441.7500000000,10789.1200000000,6733.8700000000,2580.3200000000,826.2100000000,2150.5500000000,1024.0000000000,5708.2400000000,3200.0000000000,8745.2600000000,1989.1200000000,4.00000,15.00000,2.50000,0.00000,210.00000,15.00000,9.00000,29.50000,2.30000,2.50000,0.75000,9.00000,30.00000,21.00000,52.00000,60000.00000,60.00000,52.00000,30.00000,9.00000,19.00000,110.00000,5000.00000,1000000.00000,2.20000,10.00000,10.00000,2023-12-01
Mock MSO,mockshop-1111-4a19-b398-aa425e30caed,Mock Shop 1,Nebraska,United States,January,21,2023,Q1,169,1724.4000049833,86620.2900000000,121939.5895000000,360439.4001000000,5421.2999920260,3289.5999882973,1077681.5767000000,21227.7589000000,2304,,372,,169,1126767.2265000000,495241.1382000000,5107.2500000000,465719.9282000000,23499.9600000000,29521.2100000000,914.0000000000,0.0000000000,,,1720.1300000000,111226.9000000000,212589.7001000000,6542.0000000000,320.0000000000,2870.4000000000,0.0000000000,2870.4000000000,0.0000000000,0.0000000000,0.0000000000,377880.3008000000,4453.0000000000,355502.5608000000,17266.5300000000,22377.7400000000,658.2100000000,0.0000000000,,83.0000000000,321.2999987452,3.0000000000,63171.7710000000,88139.8901000000,,0.0000000000,,,TRUE,2,40.0000000000,32353.3300000000,17856.0000000000,8680.4100000000,2540.7500000000,2249.8700000000,3085.2800000000,1536.0000000000,7739.2800000000,4608.0000000000,14273.8900000000,3744.0000000000,4.00000,15.00000,2.50000,0.00000,210.00000,15.00000,9.00000,29.50000,2.30000,2.50000,0.75000,9.00000,30.00000,21.00000,52.00000,60000.00000,60.00000,52.00000,30.00000,9.00000,19.00000,110.00000,5000.00000,1000000.00000,2.20000,10.00000,10.00000,2023-01-01
Mock MSO,mockshop-3333-492e-90d9-5f6993c406a8,Mock Shop 3,Nebraska,United States,February,19,2023,Q1,94,855.6000041363,45662.8798000000,57707.1096000000,194554.5999000000,2931.9000100044,1893.4000064127,560925.2116000000,7171.6416000000,1298,,208,,94,588336.9498000000,255414.5307000000,11533.6000000000,222950.0107000000,19636.0600000000,32464.5200000000,1294.8600000000,0.0000000000,,,972.8200000000,55590.5000000000,123119.2999000000,4743.0000000000,1166.0000000000,2700.0000000000,0.0000000000,2700.0000000000,0.0000000000,0.0000000000,0.0000000000,183446.0686000000,11016.2500000000,156553.3986000000,14737.4500000000,26892.6700000000,1138.9700000000,0.0000000000,,61.0000000000,109.8999994546,12.0000000000,33686.1718000000,40302.4501000000,,0.0000000000,,,TRUE,1,40.0000000000,13092.1800000000,7424.0000000000,5181.1400000000,2096.6400000000,639.5700000000,1042.5800000000,512.0000000000,3121.5900000000,1792.0000000000,5136.1600000000,1280.0000000000,5.00000,18.00000,2.50000,0.00000,105.00000,12.50000,9.00000,26.00000,2.30000,2.50000,0.75000,10.00000,30.00000,21.00000,52.00000,30000.00000,60.00000,53.00000,30.00000,8.25000,19.00000,110.00000,5000.00000,525000.00000,2.20000,27.00000,5.00000,2023-02-01
Mock MSO,mockshop-1111-4a19-b398-aa425e30caed,Mock Shop 1,Nebraska,United States,November,21,2024,Q4,128,1224.2000005843,68283.2100000000,155406.9288000000,288817.9401000000,4137.1000002841,2784.0999988693,769874.6522000000,-8085.8371000000,2043,,388,,128,797803.6555000000,270051.3404000000,5861.3100000000,248099.2304000000,5788.4300000000,21952.1100000000,0.0000000000,10302.3700000000,,,1350.7500000000,84594.6000000000,191828.2401000000,2356.0000000000,0.0000000000,11310.3100000000,0.0000000000,11310.3100000000,0.0000000000,0.0000000000,0.0000000000,180944.2202000000,4623.0000000000,164836.8802000000,3673.5300000000,16107.3400000000,0.0000000000,7810.8100000000,,28.0000000000,100.8000008312,0.0000000000,47644.0445000000,115603.7601000000,,0.0000000000,,,TRUE,2,40.0000000000,11269.7800000000,11776.0000000000,6515.7100000000,2853.9900000000,1297.7700000000,1121.0400000000,1024.0000000000,2808.0800000000,3104.0000000000,4498.1400000000,2208.0000000000,4.00000,15.00000,2.50000,0.00000,210.00000,15.00000,9.00000,29.50000,2.30000,2.50000,0.75000,9.00000,30.00000,21.00000,52.00000,60000.00000,60.00000,52.00000,30.00000,9.00000,19.00000,110.00000,5000.00000,1000000.00000,2.20000,10.00000,10.00000,2024-11-01
Mock MSO,mockshop-1111-4a19-b398-aa425e30caed,Mock Shop 1,Nebraska,United States,May,22,2024,Q2,160,1569.7000028198,84513.9700000000,150525.5797000000,340544.6195000000,4996.7999963612,3285.4999938010,994355.0484000000,27110.7094000000,2031,,385,,160,1036850.5367000000,410486.4498000000,16059.9400000000,351023.1099000000,37052.0299000000,59463.3399000000,5400.7500000000,950.6200000000,,,1971.2100000000,106290.5999000000,221013.6196000000,2769.0000000000,0.0000000000,9465.3800000000,0.0000000000,9465.3800000000,0.0000000000,0.0000000000,0.0000000000,289919.6506000000,12412.8200000000,246102.5706000000,26811.8700000000,43817.0800000000,3994.4700000000,597.9200000000,,34.0000000000,107.5999997405,0.0000000000,59073.7550000000,117907.9591000000,,0.0000000000,,,TRUE,2,40.0000000000,26177.1100000000,13128.9600000000,7538.9900000000,2853.0100000000,776.3400000000,2604.5300000000,1280.0000000000,6157.8900000000,3456.0000000000,11536.7300000000,2728.9600000000,4.00000,15.00000,2.50000,0.00000,210.00000,15.00000,9.00000,29.50000,2.30000,2.50000,0.75000,9.00000,30.00000,21.00000,52.00000,60000.00000,60.00000,52.00000,30.00000,9.00000,19.00000,110.00000,5000.00000,1000000.00000,2.20000,10.00000,10.00000,2024-05-01
Mock MSO,mockshop-1111-4a19-b398-aa425e30caed,Mock Shop 1,Nebraska,United States,September,21,2023,Q3,159,1450.8000012636,78554.0300000000,148178.4998000000,331120.5000000000,4822.9000027334,3105.9000031951,959159.1193000000,25535.8398000000,2539,,442,,159,997158.9133000000,388231.6597000000,9002.9000000000,357737.6096000000,19600.1501000000,30494.0501000000,1841.0000000000,50.0000000000,,,1541.8300000000,97866.7000000000,209657.9000000000,5210.0000000000,1590.0000000000,7854.7600000000,0.0000000000,7854.7600000000,0.0000000000,0.0000000000,0.0000000000,267481.7795000000,7568.0000000000,244747.0195000000,13855.7600000000,22734.7600000000,1275.0000000000,36.0000000000,,58.0000000000,170.3999990368,37.7999992371,57770.7910000000,110682.7597000000,,0.0000000000,,,TRUE,2,40.0000000000,22849.0100000000,12163.8400000000,6580.9900000000,3527.2900000000,658.9700000000,2338.6500000000,1152.0000000000,5980.3000000000,3360.0000000000,8949.7000000000,2307.8400000000,4.00000,15.00000,2.50000,0.00000,210.00000,15.00000,9.00000,29.50000,2.30000,2.50000,0.75000,9.00000,30.00000,21.00000,52.00000,60000.00000,60.00000,52.00000,30.00000,9.00000,19.00000,110.00000,5000.00000,1000000.00000,2.20000,10.00000,10.00000,2023-09-01
Mock MSO,mockshop-2222-4b00-81bb-08ac3848e79e,Mock Shop 2,Kansas,United States,September,20,2024,Q3,138,1251.8000013834,43594.4000000000,143533.8201000000,297131.4002000000,4195.0000006255,2738.9999995223,916297.3042000000,4393.7745000000,2333,,355,,138,1000064.1591000000,429631.4094000000,18757.6700000000,338424.6994000000,34517.8701000000,91206.7100000000,3240.6700000000,34690.4999000000,,,4118.5100000000,85917.1000000000,189011.5002000000,2114.5000000000,750.0000000000,9363.4100000000,0.0000000000,9363.4100000000,0.0000000000,0.0000000000,0.0000000000,285996.8007000000,15297.8800000000,235244.2206000000,23185.7101000000,50752.5801000000,2396.0500000000,9872.9400000000,,25.5000000000,172.6999997198,6.0000000000,29082.8525000000,118223.0202000000,,0.0000000000,,,TRUE,1,38.0000000000,18598.7600000000,9605.1200000000,7867.4800000000,4597.5700000000,1505.6600000000,2203.8100000000,1024.0000000000,5017.5400000000,2816.0000000000,6947.2700000000,1669.1200000000,4.50000,20.50000,2.50000,-4500.00000,150.00000,15.00000,9.00000,33.00000,2.30000,2.50000,0.75000,9.00000,30.00000,21.00000,52.00000,40000.00000,60.00000,48.00000,30.00000,9.00000,19.00000,110.00000,5000.00000,950000.00000,2.20000,10.00000,6.50000,2024-09-01
Mock MSO,mockshop-3333-492e-90d9-5f6993c406a8,Mock Shop 3,Nebraska,United States,July,20,2023,Q3,100,823.4999978540,45949.9999000000,67030.6302000000,181577.0003000000,2695.2999996024,1743.3000015616,496368.9857000000,7028.3251000000,1288,,223,,100,517824.3511000000,195565.2802000000,5235.0000000000,170647.7202000000,19682.5600000000,24917.5600000000,0.0000000000,0.0000000000,,,455.7500000000,54502.0000000000,115506.9003000000,3011.0000000000,880.0000000000,1903.1800000000,0.0000000000,1903.1800000000,0.0000000000,0.0000000000,0.0000000000,134051.3199000000,4075.0000000000,117052.7099000000,12923.6100000000,16998.6100000000,0.0000000000,0.0000000000,,37.0000000000,82.5000001861,9.0000000000,33165.4569000000,49310.5302000000,,0.0000000000,,,TRUE,1,40.0000000000,12609.7700000000,6625.2800000000,4771.9800000000,2394.2200000000,345.8300000000,1012.8400000000,512.0000000000,3183.7400000000,1792.0000000000,5206.3300000000,1249.2800000000,5.00000,18.00000,2.50000,0.00000,105.00000,12.50000,9.00000,26.00000,2.30000,2.50000,0.75000,10.00000,30.00000,21.00000,52.00000,30000.00000,60.00000,53.00000,30.00000,8.25000,19.00000,110.00000,5000.00000,525000.00000,2.20000,27.00000,5.00000,2023-07-01
Mock MSO,mockshop-1111-4a19-b398-aa425e30caed,Mock Shop 1,Nebraska,United States,April,20,2023,Q2,202,1794.0999952556,93940.3302000000,156128.5207000000,394960.0997000000,5932.5999947864,3809.1999987808,1122514.0246000000,14697.1760000000,2244,,466,,202,1168617.8311000000,464973.8180000000,14800.6000000000,422680.1380000000,26918.7800000000,42293.6800000000,574.3000000000,0.0000000000,,,321.0000000000,117257.9998000000,248288.0999000000,5267.0000000000,1040.0000000000,5388.9500000000,0.0000000000,5388.9500000000,0.0000000000,0.0000000000,0.0000000000,333975.4790000000,12819.1400000000,301748.5990000000,19034.4500000000,32226.8800000000,373.2900000000,0.0000000000,,68.0000000000,248.3000007499,13.0000000000,68241.6217000000,116997.4303000000,,0.0000000000,,,TRUE,2,40.0000000000,30344.3600000000,16235.5200000000,8066.3300000000,3565.7400000000,1061.3700000000,2995.0800000000,1408.0000000000,7527.5200000000,4224.0000000000,12343.4900000000,3232.0000000000,4.00000,15.00000,2.50000,0.00000,210.00000,15.00000,9.00000,29.50000,2.30000,2.50000,0.75000,9.00000,30.00000,21.00000,52.00000,60000.00000,60.00000,52.00000,30.00000,9.00000,19.00000,110.00000,5000.00000,1000000.00000,2.20000,10.00000,10.00000,2023-04-01
Mock MSO,mockshop-3333-492e-90d9-5f6993c406a8,Mock Shop 3,Nebraska,United States,October,22,2024,Q4,113,1062.5999979375,53617.3499000000,121817.9697000000,247690.9995000000,3532.1999972465,2323.9999992248,678114.7326000000,23874.2137000000,1474,,198,,113,706759.0722000000,260801.6296000000,4048.5000000000,209894.7998000000,25747.4698000000,50906.8298000000,312.0000000000,20798.8600000000,,,937.0000000000,73787.1000000000,160099.4995000000,3715.0000000000,2000.0000000000,7900.0200000000,0.0000000000,7900.0200000000,0.0000000000,0.0000000000,0.0000000000,159149.4591000000,3457.0000000000,127750.9191000000,16809.0700000000,31398.5400000000,240.0000000000,10892.4700000000,,44.0000000000,81.6000000834,20.0000000000,35846.0114000000,90733.5898000000,,0.0000000000,,,TRUE,1,40.0000000000,9313.7000000000,10119.6800000000,4674.3800000000,3605.7700000000,470.8000000000,1029.1900000000,1024.0000000000,2130.0000000000,2560.0000000000,4075.5400000000,2087.6800000000,5.00000,18.00000,2.50000,0.00000,105.00000,12.50000,9.00000,26.00000,2.30000,2.50000,0.75000,10.00000,30.00000,21.00000,52.00000,30000.00000,60.00000,53.00000,30.00000,8.25000,19.00000,110.00000,5000.00000,525000.00000,2.20000,27.00000,5.00000,2024-10-01
Mock MSO,mockshop-3333-492e-90d9-5f6993c406a8,Mock Shop 3,Nebraska,United States,December,21,2023,Q4,106,844.6999990939,44566.1500000000,65068.5299000000,187443.9002000000,2778.8999951033,1780.5999965070,523868.4835000000,19180.6436000000,1298,,205,,106,547351.2117000000,220164.3299000000,3417.7500000000,198813.6399000000,16872.8200000000,21350.6900000000,292.0000000000,768.1200000000,,,2522.4600000000,56035.9001000000,117845.5001000000,4282.0000000000,1300.0000000000,1480.0000000000,0.0000000000,1480.0000000000,0.0000000000,0.0000000000,0.0000000000,150488.2091000000,2670.0000000000,134724.1491000000,12272.5600000000,15764.0600000000,219.0000000000,602.5000000000,,56.0000000000,84.5999995019,13.0000000000,31565.2870000000,50808.6005000000,,0.0000000000,,,TRUE,1,40.0000000000,12657.8200000000,6947.8400000000,4194.7200000000,1478.6800000000,305.7700000000,1055.2900000000,512.0000000000,3411.1500000000,1920.0000000000,4780.5900000000,1155.8400000000,5.00000,18.00000,2.50000,0.00000,105.00000,12.50000,9.00000,26.00000,2.30000,2.50000,0.75000,10.00000,30.00000,21.00000,52.00000,30000.00000,60.00000,53.00000,30.00000,8.25000,19.00000,110.00000,5000.00000,525000.00000,2.20000,27.00000,5.00000,2023-12-01
Mock MSO,mockshop-1111-4a19-b398-aa425e30caed,Mock Shop 1,Nebraska,United States,July,20,2023,Q3,179,1566.4999990245,83533.1000000000,113299.5996000000,344342.8106000000,5063.4000103922,3145.3000128419,968965.3164000000,38720.6569000000,2122,,380,,179,1011252.6811000000,417217.6494000000,11545.6500000000,371580.8796000000,31155.5198000000,45636.7698000000,2769.3300000000,166.2700000000,,,938.8000000000,103779.0000000000,208391.1106000000,4715.5000000000,2150.0000000000,5204.8400000000,0.0000000000,5204.8400000000,0.0000000000,0.0000000000,0.0000000000,290395.6692000000,8895.1200000000,257613.0992000000,21846.2000000000,32782.5700000000,1930.0500000000,111.2000000000,,56.5000000000,273.1999989078,21.8999996185,59733.5765000000,82914.8899000000,,0.0000000000,,,TRUE,2,40.0000000000,23961.9000000000,12864.0000000000,6776.3700000000,3304.9900000000,1959.0400000000,2193.0000000000,1024.0000000000,6435.1200000000,3616.0000000000,9144.1200000000,2240.0000000000,4.00000,15.00000,2.50000,0.00000,210.00000,15.00000,9.00000,29.50000,2.30000,2.50000,0.75000,9.00000,30.00000,21.00000,52.00000,60000.00000,60.00000,52.00000,30.00000,9.00000,19.00000,110.00000,5000.00000,1000000.00000,2.20000,10.00000,10.00000,2023-07-01
Mock MSO,mockshop-2222-4b00-81bb-08ac3848e79e,Mock Shop 2,Kansas,United States,June,21,2023,Q2,159,1432.9000014660,70839.0601000000,130674.7501000000,365537.2901000000,5145.3999997376,3234.7999966893,971457.2525000000,21076.4108000000,2552,,430,,159,1059053.7498000000,388018.4514000000,10708.5000000000,320449.4614000000,52967.4000000000,67568.9900000000,3769.3400000000,123.7500000000,,,8691.1000000000,97003.2000000000,220109.0901000000,6060.0000000000,10690.0000000000,4204.3400000000,0.0000000000,4104.3400000000,0.0000000000,0.0000000000,100.0000000000,275027.4001000000,8506.0000000000,225605.1799000000,38059.4302000000,49422.2202000000,2761.7900000000,95.0000000000,,72.0000000000,292.0000008193,113.7000007629,50534.9716000000,105521.0201000000,,0.0000000000,,,TRUE,1,38.0000000000,28279.0200000000,14435.8400000000,9078.2300000000,3995.8100000000,840.3500000000,2781.8400000000,1280.0000000000,7049.7100000000,3968.0000000000,11868.5600000000,2787.8400000000,4.50000,20.50000,2.50000,-4500.00000,150.00000,15.00000,9.00000,33.00000,2.30000,2.50000,0.75000,9.00000,30.00000,21.00000,52.00000,40000.00000,60.00000,48.00000,30.00000,9.00000,19.00000,110.00000,5000.00000,950000.00000,2.20000,10.00000,6.50000,2023-06-01
Mock MSO,mockshop-2222-4b00-81bb-08ac3848e79e,Mock Shop 2,Kansas,United States,July,22,2024,Q3,174,1609.5000042620,67171.5000000000,198097.0496000000,376396.0000000000,5555.6000023631,3729.2999991172,1034490.9888000000,3544.1199000000,2216,,442,,174,1127005.5243000000,389696.3193000000,16880.4800000000,295848.7794000000,51210.8799000000,93847.5399000000,2106.9900000000,23649.1900000000,,,2652.0000000000,106684.8000000000,246584.7000000000,1805.0000000000,0.0000000000,16163.8600000000,0.0000000000,16163.8600000000,0.0000000000,0.0000000000,0.0000000000,258134.5101000000,12760.0100000000,202726.8000000000,34476.0201000000,55407.7101000000,1408.5100000000,6763.1700000000,,22.0000000000,194.7999989834,0.0000000000,45268.1060000000,159285.2407000000,,0.0000000000,,,TRUE,1,38.0000000000,24293.9600000000,13091.8400000000,10220.3400000000,6269.0500000000,1253.8400000000,2965.6300000000,1408.0000000000,7594.4900000000,4256.0000000000,7509.8300000000,1795.8400000000,4.50000,20.50000,2.50000,-4500.00000,150.00000,15.00000,9.00000,33.00000,2.30000,2.50000,0.75000,9.00000,30.00000,21.00000,52.00000,40000.00000,60.00000,48.00000,30.00000,9.00000,19.00000,110.00000,5000.00000,950000.00000,2.20000,10.00000,6.50000,2024-07-01
Mock MSO,mockshop-3333-492e-90d9-5f6993c406a8,Mock Shop 3,Nebraska,United States,May,22,2023,Q2,111,1027.0000032479,56066.7596000000,54707.4102000000,214224.9003000000,3218.6000100749,2037.7000062241,567352.5837000000,18451.9725000000,1410,,233,,111,594624.8603000000,232844.2912000000,8731.5500000000,189558.2611000000,31337.8902000000,43286.0301000000,3216.5899000000,0.0000000000,,,1392.3800000000,67111.4001000000,133261.3002000000,2302.0000000000,700.0000000000,1700.0000000000,0.0000000000,1700.0000000000,0.0000000000,0.0000000000,0.0000000000,157232.7100000000,7275.0500000000,125165.8500000000,22323.8100000000,32066.8600000000,2468.0000000000,0.0000000000,,30.0000000000,116.9000006019,7.0000000000,41207.2111000000,37652.8400000000,,0.0000000000,,,TRUE,1,40.0000000000,17581.2500000000,8928.0000000000,6307.9500000000,3036.9000000000,290.0600000000,1012.8400000000,512.0000000000,4548.2000000000,2560.0000000000,7870.3300000000,1952.0000000000,5.00000,18.00000,2.50000,0.00000,105.00000,12.50000,9.00000,26.00000,2.30000,2.50000,0.75000,10.00000,30.00000,21.00000,52.00000,30000.00000,60.00000,53.00000,30.00000,8.25000,19.00000,110.00000,5000.00000,525000.00000,2.20000,27.00000,5.00000,2023-05-01
